Machine ID,temperature,vibration,pressure,runtime,maintenance_history,risk_score
M5550,59.196985889085454,2.359267700666981,77.15025109561523,3758.4243973902803,2,51.84057165203434
H3047,84.45558637251315,4.129748264571195,71.2092569743138,3992.4022858215244,5,79.7322430298307
M3520,51.01653409531315,2.267544222152506,99.71628491961192,3884.8916539427587,2,62.19502124206878
H1583,82.68315523423797,4.5277218448807455,158.1153934515859,3523.7675546626665,6,77.28373703009264
H6177,79.51195696502415,4.546251706332843,134.56336315946785,3729.3844689379403,6,94.57473323830352
H5107,81.44828644850723,3.946967903453685,156.42729926962213,4056.8018345450196,3,84.27653044930831
H6086,91.11321412920795,3.5521987373421555,88.59316813417769,5946.138080274606,6,78.92184590900756
H9047,81.49425527073758,4.573277109472011,130.47143646846783,5524.963380541343,3,90.52473593092452
L8644,34.08124647778375,0.6144520256727644,116.51856700379498,2757.975118533909,0,12.86020037673661
M4507,47.713516279753165,2.327088205412723,92.58701282897566,2673.4090096083396,2,52.22387626487345
H9885,83.64388387093081,4.230390691451683,155.78174667101635,4408.704364376379,5,86.22127159859642
M8215,56.441344900663545,2.853324854593732,88.66391424178002,3823.4079474773575,2,41.88908549158878
M5992,50.64492036905693,2.0449341165562753,124.47036512821752,3832.6143485955213,2,46.62249065262389
L3951,20.717030396200098,0.46989691499461883,119.82507450543442,2580.737947019105,1,33.537008515745356
M2299,53.44596025297551,1.7644742807865585,125.23270651683985,2138.650086603641,3,63.0940008126369
H8009,78.08571830657405,4.456359734930536,86.90944093176303,4815.61424109108,5,84.25224277044587
L1127,23.97245996421669,0.46378741823178093,99.4444225031796,1721.015165320791,0,28.222158162992105
M3485,43.41993247250012,2.29407934713143,73.20904788056127,2204.303687065621,1,51.79323807185649
L6265,21.373861651090145,0.27075114372989373,104.770176099572,1673.5228043275033,0,11.336515864597901
M2326,50.18246957213218,1.8256497770474804,84.57210114100049,2244.8075692420703,1,46.62065910459013
H9010,83.48264217296604,4.149087054470851,157.36706811483938,3754.9762392076386,3,78.37305188892051
L6615,26.366377570811753,1.2792117750549499,99.51520996884746,1375.3699264871393,1,17.93737338972439
H9592,84.38548715332631,3.129369798908963,129.92594340398253,4293.2120789819965,3,86.96885931816755
L9112,26.5688360282303,0.19325210934158968,104.15508126541812,2922.6097027377123,0,20.51299487081153
L1468,23.763273543957997,0.4971865494936899,115.71897631957566,2430.6920976263214,0,28.84776590778563
L3609,23.94979356820838,0.15496920905102468,101.84366558268749,1315.0068241838521,1,26.036164262832457
M6140,63.4219609268778,2.5807350338069295,104.38971211101604,3909.483724025016,3,62.308351350292
M6527,61.25202560498612,1.9690920924564483,128.68691322944758,3769.0645668797542,2,69.06524313216227
H4929,82.03964718121853,3.955834788114915,73.28982996064035,5836.579755735822,4,87.75780323891645
L9216,25.80929373594297,0.6267407666337476,92.70286330278007,2153.179391792586,0,10.069179389459928
L3069,20.2147556491445,1.2553578796523366,100.37627514792578,2545.831854473083,1,20.868442943162755
L9695,26.2721217730375,1.022532214595158,116.13591749099247,1146.2669700728543,0,19.259529359223446
L1607,29.277863883727665,0.2628680002720559,102.25751835696698,1970.6799718904876,1,22.326924394463994
M5624,52.01569147095467,2.791859319105851,92.8895356808534,2269.403679719282,2,66.28018951651109
H5504,96.84487355130337,3.3546897974322905,159.78135454777106,5922.322609924735,4,89.93778905504034
H5208,75.22805586993697,3.3138512714900297,98.8714945350905,3654.727236913084,6,86.16438170092613
M1942,69.32746196234865,2.304782375936223,109.39358396444439,3983.50112278659,1,61.26530166952982
M4571,44.68695827553943,2.631660804856771,91.69696099620583,3853.7657848933445,3,66.61165052050005
H9360,72.65194255388664,4.806835547669477,150.36344302506419,4261.18180814829,6,98.84628084033787
M2916,60.56111659316466,2.973521212999674,92.68889036295278,3330.4190559936924,2,49.43212423671604
L9598,26.80499277578209,0.9354894429181564,98.6315399856661,1747.208540974046,1,20.909440389819636
M9188,65.62826976123587,2.739548452658105,105.83267824396214,2329.372725670181,3,46.47928601631766
H9600,84.01524659894498,4.0985730563856855,159.07794873049042,3627.5446026628915,3,94.26074429440774
H7984,95.70025807020538,4.6277687411429005,145.8168727530159,5112.097637517183,5,75.43060468618675
L3214,33.5746611607191,0.9806627840193313,113.30764697275364,1201.5366450451932,0,34.71314155853357
M4851,57.705604358278535,2.576169541917422,79.98727517900211,2109.5775697236995,1,66.16358605476464
L1065,37.10051232409852,1.080037907554649,103.44782421132818,2347.605762047878,0,33.07644368022423
H1782,98.19635766787786,3.3816219621828143,156.5065861413912,3918.832170984055,4,91.28702734500924
M4807,58.76929036175514,1.7094694269200432,73.60874725146705,3008.4538907637498,3,41.85006210483456
H4687,73.39801959334764,4.252771022141027,96.62318847240694,3533.9534744252824,4,88.93610949848771
L2500,28.73704519049837,1.2303120259975227,117.4644086758503,2706.592936363755,0,12.015829385391518
M4552,56.80230031257179,2.032383929679286,114.39055722962819,2675.081149995667,1,42.07416765458323
L1182,22.83697344700125,0.7744053783528293,110.40375424262083,2558.044841390651,0,29.70958330685544
H3569,88.87744138406619,4.983804628480447,67.39674851471302,5009.281747562624,5,81.67718506479984
L7159,39.11108213980002,1.468997310681501,90.78435613834304,2322.8132387369437,0,33.59369807078065
H9089,80.11861167408541,3.387541048861458,157.06371145382528,5444.315293866688,4,96.66671227709023
L9570,26.03750103276606,0.567806534203398,91.42608116965627,1137.9913130706052,0,20.808899845890206
H9376,71.84789264181768,4.190402844763113,87.7340833109337,5508.038374159865,3,86.42948336770797
L5415,36.15982839732116,0.26336843753343553,113.55431308188493,2577.570087345134,1,14.418305565550328
L3202,27.302276174055592,0.658751847891955,107.22381695466876,2422.571022858836,1,30.022092343396658
M5111,63.59183809755103,2.2090241032224958,95.17082638382217,3354.6244388561486,1,53.99532812487346
M4215,42.182317980615274,2.1351826577149975,80.35730499855389,3737.576187688401,2,44.26478331075017
H2608,97.25624180394354,3.7032696707152666,85.19285713515318,4346.660183227789,4,75.53342448057981
L5646,27.35006557275343,0.9735084914192879,102.46796145236078,2485.6807480329485,1,28.29735398551609
M2309,69.44517757537274,1.8178777375715485,71.18041694366735,2312.530512403058,3,54.16965876243654
M4562,62.23012105934429,1.778983080737586,110.13210039131783,2417.846733451613,2,42.81062961344286
M9539,65.9115348776609,2.0982169500848094,110.04975181172709,3025.3142354072033,1,59.43853243359083
H1417,76.84182593660222,4.9052214197775035,133.93857778932232,4761.7497100697265,3,95.03632972315584
M2781,42.288585229906666,2.259705683485818,127.60982008249611,3960.7421862273545,2,44.42565130231898
L4339,37.86710946541281,0.640746885033845,109.08607353265207,2408.8903977989767,0,32.540374920512626
H7219,81.31196150813626,4.34080929734561,64.84195010456969,4797.504609451464,4,79.56532093399012
L8131,31.19649963682871,0.40698917398189915,92.48822846129272,2476.263584041407,1,15.242629370786437
M4094,49.39669629648189,1.7490954090666253,94.4179783458649,2544.899202407124,1,45.89594821708118
L2879,39.487555894348,1.3996270723641173,101.05468435769865,2420.4417915697263,0,28.10548369292843
M6663,66.17450694425844,2.5378215099935306,78.97534690812066,3453.637582701398,2,41.741429887991345
H2723,88.94557169522915,3.9237597290973256,139.48971978841809,3944.440461870605,6,79.05404794528057
H6355,98.18521780661744,3.40478333315902,126.51715595652668,5911.781188602834,5,94.73693447607901
L5063,31.09431048433241,0.5049782833320113,93.07927730694784,2801.969159397759,0,34.35960281620976
L2366,32.46729719700439,0.48513467186802317,110.19857059640846,1836.5022274954515,0,25.092846504443656
M1487,59.5860394434505,1.6351885087595488,70.81043103831153,2378.938351175527,3,53.36669862701541
M2497,61.9318714925497,2.6461350583474976,94.90425806844955,2710.7656158870577,1,43.50301424543554
H4984,82.57255128754572,3.4266619910457297,99.94873764795757,3921.8940326925817,3,86.84905443011822
H9332,81.47786166532117,4.743726270971981,74.43885166229667,4255.769918486088,5,93.21785324802487
H4389,77.85262985215446,3.19735596904563,72.36798506316882,5011.198141366182,5,82.11054018808446
H7475,75.57738890305555,4.50768011058673,75.94737298766107,4499.603452070316,4,99.38678989714141
H5350,79.47606276680244,4.561043339029165,97.08409055147456,5692.659230942256,3,93.52179186574554
H4847,80.23537650650282,4.492755329215842,122.54205702895678,3757.038083706216,5,77.44673839942956
M3842,49.088080335621626,2.890934583066082,95.04999266206362,2518.8501766197055,1,49.23756111508336
M5001,66.82141216862091,1.661317552582466,72.33054217751115,2655.686879761439,2,50.989804134483094
M3544,42.30487729993495,2.4161719796392807,91.60720282165664,3736.0628345536466,1,62.15364207807766
L3376,33.40493368744686,1.2185577563766716,118.85589616111693,1655.8860488236535,1,19.34364736844761
M4338,49.66458213122691,1.703149710988184,115.17813236071403,3017.3169315252194,3,47.59563684872919
H6125,82.52623302577885,4.689305260715781,138.50646605331622,4142.8268152343435,5,84.77244578678138
H6582,76.47240977641945,4.937860612789977,134.40263688073858,3636.476142254378,4,99.95480037542663
M8859,67.6981470172896,2.556701489449562,87.97215238500549,2820.091087404424,1,64.77259109716158
H6747,86.1129202936303,3.8125400090940027,111.41755150593798,5505.712462408447,5,98.96370205699785
H1995,93.73027899784812,3.659191703076844,113.8364408056024,4887.61129790223,6,86.34037211890198
H7757,73.93231509286564,3.4892075525020263,58.610081394981044,4851.409675923089,3,97.96966676490196
L2082,25.696436692950165,0.738661746194588,97.13192951267233,1850.9822851881552,0,17.532392976687685
M8539,45.24823094869036,2.774336918346685,95.18207083350079,3928.4645037117807,1,44.68160943745435
L9425,22.817737904956847,0.680056803925815,92.7121339053515,2964.8195414523516,0,20.19258300058382
M8688,44.9964251210818,2.011024057964237,89.11717550681577,2769.889718421081,2,45.99981646049746
M5305,60.195292063118345,1.6166212207891928,129.9714631252522,2780.448397565832,1,61.55900909238573
M1511,49.44586909266016,2.0695706330660326,127.51449459739779,2027.4456980643502,1,40.376306462210394
H4277,86.77723549832254,4.213596509958067,78.7791051291976,4398.061239983288,5,85.93392589488427
L8411,20.879416708408712,0.12268487945660567,91.62268145321308,2383.155847629332,0,21.353689654269793
M3378,66.43008581121056,1.758804639135626,76.99752822762999,2118.9215907900953,3,43.633675956156154
M2544,66.59963203953346,2.677499722211672,92.14107356017631,3449.8490131445246,3,62.47378910326021
H2888,92.64841280657613,4.331152090930511,81.41314369184043,3550.2685196027132,5,77.05535381323604
H4608,74.27499240579496,4.669696361021548,98.10684155358702,4062.687419176638,6,85.44847222279138
H8113,94.74691811360361,4.060543014800506,127.7179795515035,3786.010892430306,6,75.65884150955252
L6113,27.552115781303268,0.18229651282444595,98.22428607178219,2807.3590570374204,0,14.820491771661995
M4679,57.20670739136996,1.979929045993589,110.57134290673564,3330.605652135358,3,54.69630465023204
L8103,22.16286959838194,1.0907452358412197,100.22445500033292,1004.9169596644076,0,20.213025650450138
M8147,43.49626643432116,1.6939360901054188,126.8639041924696,2975.24211250618,2,64.89616226815252
H9353,94.08088013423784,3.4947024067172823,88.37413273345807,5138.310176443959,6,75.4527859332789
M9017,43.39922063705954,2.0663194141012022,81.99988329718215,2478.173877493347,1,63.916109753304745
H6462,86.5679455903811,4.579625149966637,60.73978104204243,4275.538188468473,4,80.33278574080575
M9915,43.57990893886777,2.4248759902942303,125.64594925719516,2485.104158124166,1,59.92368124099118
H9520,92.66364293249582,4.040108091172478,104.84371572204935,4841.093855028595,6,87.62715477561275
L4673,26.241479617916667,0.8521033103199513,96.89627643236012,1419.4463103170535,0,34.53231253020167
H7341,72.84589563527427,3.2192305463109734,80.3894146140226,4492.668674893331,3,90.80273208225272
H2400,97.48075106540604,3.5492926877378292,121.40316786510078,4515.299326526266,4,94.66684720198916
M8512,68.97119289903335,1.736632786089485,116.83640617631129,3533.3632766581118,1,47.79492543889235
L1138,29.96467567477695,1.460494326395052,98.5246552351048,2691.429202538097,1,21.861320966206737
M4508,52.746279657027536,2.000022259646843,84.14171320731359,3987.758638613198,2,67.20047305787297
H4329,95.53766529359591,3.1255796909848574,64.9657414240566,5623.004527941791,5,76.20662720255953
M3373,42.23260418108536,1.703138995045983,129.71135954356632,3048.338129597553,3,65.02775285774347
H9826,99.39593860961062,4.3511421063332145,140.9578838168569,5157.755074348049,4,78.8334248282179
M3846,52.41626166901876,2.1955858749982244,74.37796060801439,2685.261043723728,3,60.173383709087524
H8950,87.35608009983716,4.1013063300863655,152.92948189586275,3748.4632139523833,3,97.90558078450611
L6673,39.664467107356124,0.2185435465415132,115.73513041212851,2971.848043841769,0,22.460755591872445
M3479,62.60478137695058,2.592283081425663,115.17208971771657,2617.601567020631,3,46.136302872542714
M5555,53.05484478633031,1.8996816437540376,71.624494742471,3654.3260898479175,3,67.84004500778958
M2933,61.331791467442194,1.6664035968315916,78.46792148970549,3051.7593645462757,3,59.4473354104105
M5409,49.10658415773679,2.4351308844677386,71.27935186633147,3939.9344051114504,2,61.62331066907121
M5251,52.95254635724683,1.603168653566281,91.18834828542893,2252.036975689666,2,58.33781559156754
H1402,74.63538621740234,4.96944574961672,80.9604921160275,5127.801076759372,3,88.86258455188518
H3115,98.57385459961021,3.5439559554433986,52.30193322770489,5189.582606452925,4,82.49445189109235
M5539,56.34627191065358,1.8448131361597964,119.6867881592387,2480.500726283946,3,55.299058994389505
L7339,30.212653547428033,0.30837389045515584,116.99090943431545,2117.5824375445236,0,12.394577396357153
H6955,75.21626215441464,4.470175228428946,140.3146914943554,4188.792530203817,6,99.65954259576843
M8491,46.230437421916946,2.119083489436695,81.37232856921989,3679.3479635377053,3,61.369379886838466
L9540,33.91459055402995,0.7720211856281498,103.64902977947852,2685.3227328427984,1,12.502787226530904
M4971,45.067486026240715,2.839172690774965,117.15083577477442,3146.2577873129203,3,61.89133921342039
L1679,27.005974368556675,0.3561249383691613,97.75776439951376,2862.1160725966547,1,13.692816709176014
M4277,45.45621369585628,1.838962083405672,74.23068847819565,2617.880864996279,1,41.917487684951546
H6508,71.39884541853179,3.871672255025535,96.97714570728428,4281.6497444512,5,86.74910011574994
H7627,80.0212036622842,3.947131567433644,118.37307228177255,5795.087858435874,5,95.32254342202296
H6240,78.4505004481146,4.767999055087607,57.80901799110549,4278.385437994439,3,87.93163324811302
M3061,52.631146954388534,2.36091977997758,126.30434728402199,3362.597664893089,1,59.520859840927926
M6548,42.3702787406708,2.7328688392741123,102.15284760387247,3377.3469836430277,1,44.6306250148216
H2988,87.00290883828302,4.448214903673651,85.70346533735555,3821.451206658485,6,75.0976899456127
M8328,47.910931062199175,2.188011181995652,115.18373968376135,3090.343364704141,3,54.800022331953414
L5676,34.32748875279953,1.446735147373859,103.57172192405771,1712.8004476029114,0,30.90810613959475
M7620,48.086202911729465,1.6823686853473812,79.25874526107579,3897.4141699917354,3,60.36012195606038
L9072,23.24337513502421,0.8594004599538426,103.06218065990168,1907.582068064166,0,26.208473232660623
M4927,50.28809166199778,2.1305879749701124,101.54691074251997,2981.049941627224,2,50.90885671733769
M1365,64.23888433024875,2.417728856212678,113.24139070004753,3395.0733238031667,1,56.83450262528105
M2700,66.57615648019114,1.9806054969161786,104.40229124257179,3964.1279096714743,1,55.14704038790999
L2698,32.797424061238225,1.152689238512395,99.5493410549618,2145.897834208141,1,16.624335795058855
H6129,93.20801793561634,3.45845286250946,117.11247469417587,4318.377287780411,6,79.36384265258707
L3236,28.877426086884455,1.3878155253187388,112.11880679958092,1565.8905280715192,0,27.32783467614859
H4616,75.6875314629707,4.08451337318179,76.65578101776593,3841.9019968954294,4,95.08446826087622
H7732,85.70551951252375,4.393135287199098,157.8394767426086,3831.6543652448713,6,81.85425493649207
H7313,88.41131836687715,3.9415090430481197,130.1674013139768,4580.397058285005,4,96.56490615201776
L6051,35.945413084173076,0.29357902699634836,95.47783900640445,1160.55755906488,1,34.2773074390029
H9211,79.6529234637268,3.8869776197595547,75.65442512245284,5362.800532524085,4,88.67037301374607
M9356,62.162819163304356,2.421858552205023,73.25593897309729,2504.3408231798007,1,43.05292448012771
M6122,56.41447060746773,2.7393022535181815,77.27690962613737,2419.8290511066916,2,51.1617475559556
L9297,30.833348962013197,1.0349780188676347,100.61094605315517,1667.0758689490956,0,27.520863718362815
M3040,53.504669377417585,2.0126211561256935,117.19588750907481,2272.684744947071,3,48.639357619024665
M4459,54.36773802405746,2.1442923410675077,119.11760639550131,3000.5166027317287,3,65.44464826876498
M9878,50.108234383788776,1.9872668910836822,100.29741434671008,2510.288091727346,3,65.68517216881672
H4188,97.55762458913244,4.64780759765714,134.38750693929944,4356.277436767408,6,92.5354351149981
L5791,20.43367339626698,1.4236936388444397,97.96649877081917,2209.021017388952,1,22.531777884566008
M6389,69.7404428368186,2.0328084968474465,122.36328680374947,2121.5210708533386,3,61.548395758533424
M2534,60.620546879081616,2.7143804067563235,118.74192028799953,3918.295635098588,1,43.259165704950384
M3189,44.593350134633454,1.6197040098484092,81.16785289395514,2190.1192131191924,2,43.09216764026827
M8120,43.61355222213994,2.277155928537802,95.22128076577673,2938.835489769071,2,44.8009413234513
H6067,77.540583522641,4.6068333872156115,65.90654158877801,4133.217346770847,3,95.66243347487743
M3382,41.56781641867065,2.416818253194612,127.78451733335103,3414.1148693420437,1,50.12847885938373
M9182,48.04383478715997,2.243521364382963,124.88001607566703,3204.211592797401,1,57.01461963075905
M6984,41.475546159828454,2.0286906260467092,97.11408123026736,3718.143309035472,3,66.11442991098913
L3507,37.62734325165298,0.325012737306278,115.91794105066283,1793.2524650610344,0,21.622599718277744
M7523,42.94693466503273,2.5304239126926613,127.94349221397867,2642.6625216010425,2,57.33936924619213
L1302,39.372883016913555,1.0964502635812248,98.23653817599515,1782.2373063645637,1,17.33995560728387
L3656,31.0601015157133,0.5544200334760773,118.7009692527515,2009.6264788679975,1,24.98858221850656
L2616,28.44608429632402,0.5376043008721824,102.3068989806856,2559.931591633915,1,32.054665932942136
H5576,96.16158747006128,4.816935651299738,156.27824297927847,5228.435238128883,5,85.79409748419913
H5231,93.89493990176575,3.457971451122786,105.46073411137856,5846.0234489556515,4,84.57582258840552
L3250,29.360333372252736,0.6919634808901571,97.38503676341945,2150.762363332612,1,22.654977016204423
M6400,55.65261707873777,2.680669403987389,110.31068894870961,2912.1555771810645,3,49.451146349230356
L2866,34.790609804369005,0.6348152625478263,91.16719392649057,1635.400844832876,0,13.13318163753542
M2455,51.59037685591297,2.7162876781925163,78.90043793570547,2331.923195992414,2,53.386640096494034
L3855,22.926925565638832,1.3076248459264148,99.03518667031331,2837.675124428465,1,16.48070054321336
L6510,38.12125377189964,0.3350271718351154,107.61972987626679,1699.622731846767,1,21.006496887342866
H8382,84.1249395118261,4.686425364180458,51.401663493196004,5050.333865016501,3,80.51550637897161
M1958,58.42200965712589,2.415945318195795,119.84531710583536,3260.3208926076572,2,69.11230029918839
M6266,67.46030460297796,2.750534621888638,124.813693940172,3463.621069738268,3,46.41905119024866
L2402,29.31320271425465,1.0310385352343021,118.32746343335972,1640.3686849086096,0,14.875787555673009
M3561,58.87436902273936,2.0783330125195407,118.02304463451854,2623.058039806807,3,64.54344878898445
H4119,85.14964763103738,4.383077480273334,107.49638965977034,5501.070812881825,6,89.28544175837867
H3470,91.18502119136396,4.249884029977065,67.09912649313517,5643.145747845533,3,85.39754704457852
L6626,35.11557727695114,0.8516220512825748,99.96982017732627,1087.412517825265,0,31.345487058799264
M1966,67.42655223843903,2.251647268246441,70.08098225870114,3902.7120088814604,3,61.09385407967325
M7082,61.94862725389802,1.918994894523593,98.04348351561694,2695.4453869729773,3,60.94187223187274
H6040,97.859479668959,4.304900256197677,154.94688657357227,5002.989506629276,5,83.54109079126056
L7873,37.721423522787845,0.5641957117457517,114.56624285443628,2350.6466585988146,0,15.583339516473687
L1532,32.594727787817106,1.4360843952809068,112.79119533816478,2586.624092789061,0,15.058202950252563
L4773,23.468514157779488,1.37062643913486,101.97040851350627,1446.504939914952,0,12.181768973999182
L1787,23.00105227675264,1.270684239838507,115.2563940935166,2670.1113492490736,1,31.161264264773376
L2909,20.0613626259799,0.10619059653156143,96.17512892072108,1220.6502403069921,0,12.034204746955828
M3249,64.4112354017194,2.7800713954175738,98.10878566455338,2169.166475052546,3,54.776306697790666
H6398,84.79474960027297,4.565112527940264,108.37471100434168,3619.1209302142593,3,91.7177942781786
M7097,62.490562527752175,2.2485493692084995,99.35843912900212,2929.3738910931065,2,50.4738966971735
L4913,38.40408611612546,1.174686098680831,114.9129756140802,1040.661987802576,0,27.698992102549
L1596,25.513526986109202,0.9091620671948734,118.26349346425042,2066.802639025951,0,22.07765943307805
H2059,79.6817756518111,4.5901755839351415,130.49153493791147,3810.1754413784665,4,81.18117023884224
L6409,32.21207484291302,0.4431081752439467,115.55629476114959,1175.6395050521899,1,20.476826611733472
L5053,33.78897929108677,1.2119057596321368,96.30464357967791,2983.7550411958678,1,13.417951480704968
M8775,43.27699663327857,2.770926076965607,116.44101005204004,2524.103614227936,3,58.954849761372316
L3750,26.106068034592546,1.421276689265234,94.63928730056834,2936.857356217863,0,31.09164595825127
H9086,73.52889587885075,4.8328026088970715,85.49631441896297,4825.863014566301,6,92.70549186897256
M8249,57.48098280324187,2.8369804885891834,81.16870187046699,3911.5064753051415,2,41.95181427089219
H3231,81.3562322442234,4.762855586668917,155.5084481119407,5960.637483362952,6,94.44328189153136
M7490,67.8866532424437,2.7058682210084353,73.58910864640376,2207.161112168227,3,69.10971025390103
M6908,52.29142130014348,2.706907991138988,96.43607779770012,2246.40070491306,3,41.96691341312023
H2193,72.11375379788923,4.5210928511809385,62.283519058350684,3926.0027646098924,6,79.47607021213175
L5821,39.849262806849545,0.5424846481814714,109.96956416142099,2101.2400148653896,1,24.84915167413424
L5001,38.755737387407905,0.8564447270631036,90.4127317588898,1114.1057615730624,1,13.764445523286252
M5636,56.414284831593626,2.0577861309774654,122.16387441394761,3197.8055923114657,1,54.54506557620856
M9949,53.634089149520406,2.886076225104195,86.25044665440032,2215.272569471307,1,64.20505002243043
M2567,53.162340080586496,1.7873632340808656,104.12091372779076,3730.9893561043677,1,64.60644504828468
H9894,84.73764025763464,4.59014373950646,110.41162306490642,4654.766367933516,6,81.9158392352792
M6044,54.932096519306164,2.013074403770374,96.43388063587436,2519.8615307785103,2,40.979365060530974
M3134,41.806767906053665,2.917004696860129,101.30025364940944,2318.565985456997,3,67.2812142614682
M5295,57.82620149956538,2.224790831086153,110.68097060436526,2996.3596626514914,2,68.05846383867924
H4179,93.33317880114578,4.663781510911252,58.26640886751184,5310.046542423947,6,95.34354124236201
M7275,64.92069419997414,2.6943841347662607,92.04426233825929,2891.8825916811425,3,44.074999978002296
L6766,29.368234841736097,1.1862004970759743,100.45876717774138,1455.9604718171718,0,16.693903401754913
L2789,36.945659956255504,0.6782067098069022,104.92967629216983,1654.3385391736206,1,23.000603936419715
H1171,99.0575008024396,4.578240654384861,91.02761326593595,5449.109745184726,6,95.38464125011556
L7103,23.82621656145431,0.9312499870239017,97.13433995784894,2734.9401315607233,1,10.859353282926003
M9462,50.348741125175486,2.6884710835138246,121.81751995556162,3325.746785690872,1,41.43014146906442
H1245,83.7190232023421,4.010132217569777,93.91782228469619,5676.82992440787,6,99.84310389397706
H8600,71.74820773362264,3.4253214441932927,112.84551205264879,3595.674453710071,4,91.86834629865177
M1971,49.20278376396848,2.176766997231741,93.00538189214534,3029.5085106138868,3,41.72925265268089
L6854,33.74650717598738,0.5938471454330311,104.39449887732651,1136.4915212155536,1,17.48873594881412
M8308,60.364294985337,1.6753125491905363,124.87745580905116,3620.1613989659068,3,58.5160342756045
H9597,99.88092061071889,4.515735404643999,139.19073103696456,3688.4852134268144,5,85.73132618966076
H4079,90.92421229263803,3.2036225997601053,148.0889539357967,3830.425880806259,4,90.14819547342908
L8556,36.16899733664468,0.1985819101034279,101.46580511608192,1737.2259769714258,1,30.056915081415845
H4116,83.18068127983229,4.752964023276367,126.21001656261797,5617.470905674842,5,97.30609763977992
H7720,71.1497092947029,4.569623746409839,153.20449928978698,4687.4585902598765,4,95.1467503490729
M7519,61.10713376036875,2.4778532411100733,124.6653419211632,2430.004077615558,1,65.27138208912214
L7412,31.04564208400516,1.19029204347899,109.5338522424937,2796.3767467614266,1,14.762435563640487
M2095,69.30186173153997,1.9669827761777336,90.79002247867955,2281.7413319420193,3,67.80772107468967
M9377,63.91115001413826,1.9805929496675154,99.25152358502231,3457.767578789404,1,48.764303472523004
L9813,27.74206811317684,0.8675365700726858,92.68234660690628,1379.2277101144914,0,31.828178535631995
M5857,46.19942815234566,1.9558309292998073,73.88764366535592,2574.115296330538,3,43.08995732280268
L7987,35.769803665673685,0.5385523680466512,93.94255997476112,1030.689273804925,0,10.337933810846911
H7771,71.19439976491931,3.2475798778612863,86.85678883063305,3712.584735015586,3,92.19777292706797
M9350,58.951771479136234,1.9288834891668027,76.218076960816,3592.7598291844142,1,66.06462255629293
H7156,82.0536697863116,3.2229245794931103,96.94438837423347,5523.400812157295,6,96.415900392161
L2837,39.4028631009412,1.0103338485959246,93.05107334211705,1830.4585305044081,1,18.847162331499625
H9683,84.97184851789618,4.67128251523377,55.43693846087991,4375.921076333102,6,96.13233182640812
L7809,21.86989685719166,1.2933716193112332,96.76659376702855,1126.1378087738692,1,17.835047261459856
M6302,69.43151340736084,2.708075400990376,129.5999342543551,2288.824855952677,1,68.03554519442345
L8223,38.41354945835049,1.0610643845677346,119.10632048243974,1919.2937108893068,1,11.05082215624246
H2046,82.8457261360415,4.967203530365003,147.07527141011437,3828.7830528266068,4,86.87720280451525
L4001,26.10996690604065,0.3523066672771652,98.760370901868,2694.7822751434087,1,13.111655231500082
M5379,46.24954354680725,2.7016912862966147,93.63257936793367,2855.9702271608717,1,50.89720579240423
H5971,89.7194185980195,4.128138885704783,137.96919394843883,4801.709729411594,5,82.02007720455481
H7678,77.8392662513296,4.772164530138694,119.6863794149448,4732.561835695201,3,80.7045706676686
H1988,73.74264649669726,3.6712335883070546,97.01592193801666,4145.299456372715,5,79.9620812097594
L4790,34.44976861916903,0.8472392557036381,91.3244391684529,2744.56039298653,1,14.245885159888967
L3015,26.08318803226776,0.6359829936641895,93.20706491703073,2543.2555018170847,0,26.716706273719613
M1021,48.07228522326562,2.2590648489475607,106.52009758302206,2136.945357372019,2,40.34049599043389
M8064,42.46750185572,2.5164936797283763,84.305273879002,3679.9259866935417,1,60.725511726788895
L9362,36.856512460718996,0.5837892954175727,98.55577929380543,1539.427909194152,1,17.314745095743536
H3284,91.10355061121801,3.3859467256672136,125.30213374117737,5270.500170004082,4,87.05614758186847
M3012,48.40259659123537,2.2136891714046962,100.23775328153764,3307.935238543342,2,60.337044776549135
H6758,71.77606862625441,4.34573820550205,63.921875075458395,4631.924604192351,4,89.83048964032898
H1247,82.52338701215136,3.9637755765493936,122.85314132844954,4457.259902024701,5,83.99873114358145
H1603,88.38898189386866,3.807612653762892,101.12995176887446,4297.50828815289,5,97.98980965414336
L7067,24.932971167367842,0.7967671568556002,115.19695693088197,2843.291256203236,0,13.89167185480654
M6076,52.85982884433734,1.8815829291875064,121.46848569313588,2547.637042323487,2,64.6560732255627
M6006,57.79289994108508,1.8480366782331927,106.11707167613258,2536.093731515834,2,64.14477499727343
L4418,37.918682939393825,1.2588585618553743,119.94347810119174,2998.819739591558,1,22.01062829755267
M6522,52.74557018876092,2.952045445600082,85.44666335463148,3928.940655196024,1,41.89575895914759
L2781,33.93758157605237,1.2649138138498328,109.46302671463383,2674.7245492479433,0,30.04866518091033
H7549,91.17484570474615,3.4130659073771783,121.2226802230846,4316.824071506096,5,88.6544578212823
H1143,95.3741835263042,4.2478302372251004,138.8405683694267,5613.24365849544,4,77.08073980626997
M3016,46.710131521463126,1.7913899912668234,121.27059657727008,2263.556885603599,2,54.282839263998426
H3082,82.97216874436272,3.168157074803701,79.44107130087183,4459.601801003082,3,85.26646207690654
M8746,51.36512024802286,1.9413856340062932,75.18230112238376,2508.2197183616145,1,60.51998444193728
L5690,25.399603508826555,0.5530989096115565,93.4198065473838,2524.906533492723,1,33.75096853440073
M7621,44.02432063908884,1.9670032518061,125.09915933976637,2396.7027074519165,1,58.09618767838264
H5910,98.50452182648554,4.854955520959405,127.57233544638795,5511.737779643563,3,78.8548724159004
H9503,73.36958863247642,3.5601698167671376,77.78796334493717,5690.3961335724925,3,89.39815453314466
L1113,38.07217156815112,1.3902515141345575,103.39506385305809,2553.1822275438803,1,15.271135312516751
L3158,32.11453621078311,1.180842998032923,94.2686267117958,2018.1191257334926,0,10.259123021403425
M6012,59.44733429592532,1.636090104127874,104.41966925880887,2960.2747511910593,1,61.405850910941254
H3839,89.60164462013387,4.268650556545304,84.5819398619439,3628.4695585042728,6,95.56724436562016
L3179,34.21576193796723,0.6441220452992823,97.81177976308365,1824.8934850039368,0,16.128461614134476
H8099,95.95473068182265,4.080786482206336,159.36575916002147,3915.1599700459533,6,85.39136559327991
H1003,81.10281291239521,3.144898623293536,101.49228984297129,5522.027080410497,5,87.1591848076512
M9773,51.284231083643846,2.9056782051840497,118.77513043591917,3518.3956136335732,2,55.23715391975555
M6514,65.86797405982608,2.9945718857973236,102.24190901300295,2811.7628094719857,2,45.80929434603604
M7684,58.86869345797095,2.4011046173778787,86.5303863468794,2789.2437890134584,1,64.54833332906374
H1018,79.54521637784944,4.018508659604857,64.50401541181492,5242.600805149816,5,86.028812524898
M7206,64.86102136676571,2.928566738913106,129.01268838749175,3163.1059698847803,3,58.97841974935615
M2628,49.132911557817174,2.001575387661644,120.15699545050808,2263.9132718606725,2,66.25672048038729
L2376,38.085849697594554,0.9395182335034108,106.87122225082672,2425.124674761963,0,10.31007126118367
H9081,75.60567763959027,4.0112973805607055,89.42903697617325,5434.143703756617,3,93.02525027761918
H3768,95.50528426276118,4.417427978005716,107.49848455830184,5900.431625611287,4,86.73690689180626
H6707,95.33239563210972,3.497968254356433,118.98455739907249,3876.8982722620085,6,76.18857625437889
L5945,30.16443883915056,1.0625742989687383,114.88347167555621,1625.9903703799373,0,23.878013516305835
M8266,50.595227815615765,2.3113186097445166,72.5639287280654,3549.012463018338,1,65.34644264761818
H4964,79.83464666551005,3.9719509304535223,59.32598476305291,3723.034761070861,4,82.11236811144315
M2151,49.87424808725009,2.078203081425154,76.41505873074412,3953.118508164863,1,47.20082194054976
L9758,38.5128971376959,1.3743169288791741,115.63695722943868,2450.4679961862134,1,14.395397054429074
M9509,51.869055883962666,1.7728139655026702,100.01932303705965,2848.068076003758,3,56.708178428998366
L7687,34.41231958073691,1.232340932484005,100.2214919731339,2754.131143760291,1,19.908765164830264
H8116,79.40758919068804,3.60823700142506,60.09878019357659,5652.994491604634,5,97.84758000949819
M5731,49.63056076919982,2.7170582693903973,108.2335262527912,3467.036513082186,3,46.492997298700665
M5402,61.00298414796463,2.7886466044707694,85.50257692450536,3651.56239979808,1,55.798938013612364
M7146,67.87273676804297,2.223747600415711,90.91225184268825,2104.664761675454,3,49.63133770871222
H6868,77.3503919892141,4.9232630433031135,134.21524387789262,5827.882504476257,3,83.60812538325472
H9481,74.46704930862619,3.9590799149299096,62.07141926186318,5466.38406833895,4,75.53102065363395
H7150,77.71580413126335,4.025480475733632,98.94294826973831,5171.349970148221,6,77.14420728430015
H1960,73.80985844334174,3.3579422620558566,67.9101593145094,4611.19403601106,4,92.46455457279441
M4314,57.5912558111952,2.5602657836213827,117.39899640850543,2087.5210557314535,2,40.69745928320909
M8019,63.16807736205725,2.8834918909247884,113.95881737716451,3459.686065890644,1,64.5963814666128
H4506,89.68092755954359,4.8244378291909795,83.6032274836876,5435.765903721569,3,86.35911010379351
M8678,62.38168670249963,2.302423415036746,123.29488957311548,3109.278721624055,3,54.598443779933206
M2097,57.394361558299444,2.884826034025708,83.72477124647214,2540.077922963491,3,42.32432000940983
H7060,75.19981124873318,4.512996117691895,152.4560921981222,4083.0843106248076,4,75.58916293997002
M3784,60.39177055009907,2.1491402234986636,108.29215813057594,3979.0540539094754,1,48.502176627413036
H2769,86.06658915863534,4.515224332724886,52.18696084903009,5758.400065008716,6,84.68768450076553
L3354,31.127843714829794,0.37930292398809135,97.80535374212494,2846.4388432895453,0,10.694781575002967
L6426,20.699445662759263,0.294041063834231,107.85397443668008,2805.0666711398103,1,16.7565955244391
H4582,76.87357026086569,3.465282820026656,96.25479969620842,4507.816274742848,5,95.43486819912367
M5568,41.269537464050366,2.1745758623643945,72.61567651567641,3298.299701854361,3,41.38879329078657
M4048,46.69884106125751,1.959588326604982,99.88053924714704,2784.242115479588,3,46.78450810529836
L8643,28.79015750369582,0.9486441576318122,97.14814836705395,1203.66921606477,0,26.65693709236857
L4217,33.80258105638742,0.393849017410428,109.52359013224218,2014.0754980798995,0,34.67553482543246
H3059,97.72366356805686,4.000142968050159,90.74567665971811,4448.414990541043,4,96.38922959936356
L8127,21.12312303942899,1.093795429381357,116.59316795772062,1063.4793526621359,0,26.69963477092071
L5890,37.679740925869446,0.28403307512385395,116.59202300703575,2855.3171759903958,0,34.61486988980673
M3497,43.44496694116525,2.273070625458008,104.76874651007257,2948.2395853763487,3,69.517674245253
L5499,20.533142574768778,1.0145220703758961,99.23971207964013,1418.7771078458402,0,23.826370786287313
H9639,73.1202580674615,3.4064615195686963,68.04955009163794,4171.399456737976,4,88.38746286460577
L8034,21.072858900415255,0.7181174604353914,114.82404865969008,1582.149709800541,0,13.643715287313315
M3997,46.00485219913248,1.6630164631103466,106.82625628444389,3031.008367163178,3,41.47180427472241
L4779,29.995590303989175,0.157949533177773,102.52779326493813,2085.604251355225,1,24.24980075059657
H8149,73.61000859844965,3.7926640855846214,150.62453714147622,4159.667909176399,3,88.50279170791454
M8687,66.68675783749583,1.7529307106185084,124.23124531882189,2493.227708320202,2,49.28660166672333
H8158,94.97631151412139,4.628719045989187,153.28125934947374,4083.22002262276,3,95.3921284946597
M5451,51.36654345242637,1.6556112972475343,100.62812386789741,3155.692365292789,3,54.69955790122422
L8763,31.906313586758927,0.11789431855232467,114.77271424428908,2548.7073447967355,1,31.495370009828747
L5313,21.327506003781558,0.9679391392949486,101.71557307573593,1801.028771687649,1,24.510237972762578
M5786,50.8853436918395,2.5905545544944526,96.21808935027104,3955.2690290412193,2,41.60491838683521
H3335,91.03931616554266,4.326186589567207,111.62520873687612,4740.590830607841,6,85.31682382746258
M6927,65.68740967614056,2.876361276430743,120.41370291723008,2809.993337720321,2,44.178230641790904
H3114,78.35143068848313,4.075161902733411,105.65383709993336,4850.45960803575,5,79.51528573315507
H4931,85.79021107802083,4.28510029782767,55.77882622948601,5421.707189883695,4,90.08810839519175
H9454,77.45195430424096,3.781386504090729,122.90075765700102,4671.988439735393,4,95.08195711992231
M1573,61.1551812009241,1.6021781417047412,121.83538575783132,2452.4283832572432,3,56.625185173414046
L6337,24.147252151513584,0.4468624001017481,111.80175827559388,1985.4405396648297,1,31.36621758682753
M1973,56.262163447527676,2.9911317293035196,99.23553261127049,3345.6621248722186,1,53.1516786853676
M3514,41.45626243328332,2.1879269373835437,106.75721504031081,2642.763059782899,3,57.07222514297666
L8088,26.07495294665172,0.7513893959828106,117.71632057678971,1851.4846276005778,1,20.23783425653458
L4046,39.52138380327699,0.7324959304651939,101.19678060033942,2677.531820643633,0,30.82588758282847
H9330,94.67815086316988,4.352870064060309,58.85940076786625,4612.447334301578,4,77.08833726394843
H7365,92.7775703551691,3.371205493044657,150.2968701712141,4966.183188910041,6,86.27940622767278
H1661,77.74450049733046,4.102338084430645,143.63105761101056,4134.12570063112,6,79.09359760711034
M2363,64.07226133321305,2.5040371051195645,121.63192916559986,2102.6887987596006,3,42.09737191062294
M3913,60.163925000353686,2.0186608739563274,100.83475215352341,3127.4743355440464,2,64.80794811010861
L1656,38.18153611171485,0.3904704455191222,98.70621290638405,2930.230064856755,1,14.034519865428955
M7255,55.231842601318036,2.5317929768966136,114.11879081518083,2790.9983372979364,2,57.33100167770389
H8481,93.29321441390306,4.2868300626834,85.83693021574521,5973.47940573512,6,84.58780626777904
H7816,77.49742521279933,3.7113257906500023,104.32530407189228,5414.664967932568,3,99.67987633591606
L2901,24.576716920789817,1.1887390568122729,115.26970063958235,2526.622233801138,0,11.651136356399288
H7513,98.70832601491064,3.1135002108184104,76.47778482026052,4566.201508247756,4,93.93928236945247
M7134,44.89267134066259,2.287498022050824,107.65220098382255,3290.7930256886866,1,54.691054451630926
L8584,35.74476902587511,0.27634486561838684,116.77450214713407,2803.9091455889475,0,30.09122761001284
M1291,67.03694424019591,2.0744161365806164,110.1816289196799,3782.332957015985,2,46.09186676805553
H3597,93.08561948481609,3.758549326314908,136.6868586842058,4351.619882104322,3,98.62735322189013
L7730,29.878591121195647,0.7043909876220514,104.32748304698676,2833.9430533472164,0,13.493089117570843
M5611,66.44767556231095,2.040923111719451,97.63773427721976,3477.865565637783,1,67.0888505196297
M7987,66.49698561559008,2.410670188382638,80.33167443564403,3124.900932623997,2,60.19669581822629
L4373,31.936656075424462,0.6341821420902539,99.31151432407928,1805.5764846924362,0,17.243276667246512
H1097,88.5719463223982,4.851483396748112,125.86779282777823,4881.346969581677,5,82.49573522426111
H8828,82.68427205868332,4.273485344976705,128.8074419371409,5249.998511407861,6,77.82339135957282
H6086,97.95068435326745,3.645769098442032,68.24999729344374,5908.052713771805,5,77.98057306823681
M9580,49.35003170635242,1.6619280806376147,78.12062510857719,3246.8107111692125,1,58.421894468934326
M7821,47.083707687213696,2.991185523430279,85.33334017632497,3730.81513898256,2,59.13300843749913
H6025,88.89743393195752,4.716946849467336,146.71636920927298,4262.4964725091895,4,88.77182628442193
L3630,33.94119666198228,1.171256598620323,90.85779319169909,1126.799427437711,1,12.638322924818418
M6372,65.66522392077228,2.624271828375888,78.45842624065128,3854.8694453479766,1,45.05399502197128
L5096,37.90730632485901,0.9801681661791453,119.40553818715705,1014.6523585894652,0,18.154154561843523
H1954,85.54645563584974,3.6174780782491958,146.70118505285416,4487.826453456563,4,93.94483802883535
M4114,66.50435858185591,2.294595686793763,84.0941666264062,2301.358302593861,3,56.52093153894931
H9967,90.96852944124448,3.195525747670585,109.60424179631003,5338.6196273905725,4,83.7191269050144
M7067,52.22050285452553,2.108189918757522,97.46614792952955,3484.3387484445466,1,66.93052434250743
M8132,69.89019629148804,2.8840425342265097,105.16934770846119,3261.023547510197,1,66.60681934453554
M2223,58.06130539411888,1.6659109472060296,121.59918648483608,2177.9604625265433,1,69.1997941864094
H8047,93.98783548621753,4.330015374013563,155.07013190652302,4489.877589040017,4,82.826044450901
L5339,39.7015066881541,0.6717505318802076,111.58421900597001,1218.8407390660052,0,16.92476093882388
H8102,99.58883307056381,4.796080743817069,93.885028212835,5336.3841713244865,3,95.29315059267022
H4951,85.27973537854146,3.586312944782937,109.48597037713836,3640.2773384653874,5,79.16754532431582
H2443,81.49498143039308,3.3433266256861165,63.26433879620918,5376.4448507488,4,92.25568565820089
L2982,23.765494394287824,0.9803139693582354,102.31812146194473,2644.542016404404,1,21.73034895193786
L9946,31.346893450282145,1.3249521419879993,98.27944427260094,1250.8745501160915,0,19.3402029603499
M4024,55.45293772499772,2.0578203292341457,73.09067702715474,3230.2685839985897,2,43.890331626981634
M3660,60.745499376152644,1.8085034173880545,97.11028220134313,2261.9401815766323,1,51.89480309557138
L7073,33.11439344234882,1.3609140954759638,106.81576983093748,2684.8174782439337,0,34.18810198165107
M2510,54.784757953420076,1.8461241743534962,70.74761581324094,3623.103895545713,3,42.69388978965329
M8103,45.392665007243245,2.0815176472576895,89.23616691814846,3423.2346688577177,3,47.24735409445651
L7490,27.76258032659072,0.4787952295914308,98.74131474393626,2624.66797221733,1,14.652777683549909
L9467,27.52310116875453,0.25620429935052164,106.27263248506743,2183.1531512839415,0,13.619867220465286
M2074,49.32202460136464,2.5545316978246237,124.1691762956748,3465.7173412365664,2,50.14128421242338
M8719,43.26032027485624,2.969218430334922,70.8873736402761,3637.307503669446,1,61.96753238769931
M8913,64.14402639822404,2.9701832903393104,111.04714749728824,2672.7431179023865,3,63.64541823325038
H7281,82.27235660865169,3.5343254705015874,145.40819442439803,4724.736439608371,4,75.55742324308409
L1907,34.52901834058797,0.9539632362847515,114.63899543797568,2111.988543165029,0,16.271431943368682
M7526,41.17936728241862,2.2515164024078316,121.93906982206487,3286.9878655274524,1,49.787855995360175
L5184,20.830150242931698,0.87374039949366,94.90750247522227,2949.908040130587,1,24.834114418837906
H9169,82.36347070620585,4.596400092680709,106.14637454867994,3975.9074081524022,6,80.3684320231637
L3962,27.20373568639076,0.3352343728681272,106.10007240589887,1377.5932344454275,0,14.43229406736066
M6800,69.46415891522976,1.9072381590437593,82.57876890426823,2148.4215105314292,2,52.40267200512223
H4410,95.62962550761415,4.773728901437195,127.25077198945758,5861.553526901925,3,81.93997707628328
M4080,68.36462976095288,1.674005290356788,107.65301684268002,2336.647507015589,1,52.08200269943986
H4685,97.81155477772397,3.6050622952137523,136.10669814682703,5723.281958714119,5,93.76261968285672
L8853,31.63570712870994,0.9273219544235196,98.33849580232759,1511.8803629454321,1,21.832232736789926
M7063,52.70482280741344,1.9109699137462122,104.33880347553624,3400.7009820365492,3,56.531719579793304
H3819,85.81970247126425,3.414098519487236,90.98999219428549,3731.8945222360994,5,89.68593445788024
H8215,77.10699672730247,4.650427991067485,82.75681963514008,4945.08634719552,4,91.05867737774585
M1677,46.81992383171481,1.740290694706385,94.57579470681821,2782.7158044349244,3,55.496546888953446
M1496,45.57276257894139,1.6018531759815118,83.47255732019231,2762.5378556001187,2,67.2701412002097
H1174,88.8815417066421,4.260471733396164,71.03961075752888,3869.268857146108,4,99.7003910013491
H5708,84.07734084681749,3.9792443783893585,72.62159612844745,5910.244093158373,5,88.98964229842197
L7659,27.80442940882464,0.7075848386347233,117.91187011555068,1256.9294363826536,1,15.257408741510167
M5071,48.912574960265935,1.8415643913911344,124.83891210188744,2401.1701760427263,1,59.603747844436946
M7222,57.44939871618702,2.548643354160591,129.711898375241,2892.242967404029,3,46.574356707337174
H5071,72.66672236714524,3.648549979861294,146.11232321739018,4479.111536166656,3,80.63757614871727
L1233,36.2355097335713,1.4659501781267257,115.35914949942713,1848.7459470064832,0,24.43533925129743
H5416,82.1959868742911,3.429783581518426,144.82341414453495,5023.698781858166,4,84.80716821855984
H4967,96.54766114303469,4.418302570227166,74.97591969290376,3853.319955903667,3,89.15870744925938
M2294,64.61528850222429,2.346330466177535,101.53988165267826,3758.0322429069547,2,40.12428665554774
H8778,95.4504845041927,4.524427007955902,85.15412928825165,4086.6186934120483,5,97.65899525273055
L6299,38.041878287220314,0.719328904778116,115.75341726605733,1424.5655379576015,0,16.147508412260283
L1278,29.621999715383083,1.3942328146978575,94.92500130564825,2885.924242541398,0,30.61470237921619
H1843,85.01164204704854,4.144066833918097,68.92877270760528,4070.4018615282575,3,87.9954938699187
M9008,44.72098905313801,1.6118078710407528,71.36509752357443,2151.451331262465,1,46.66123256734149
L3922,28.33859664423262,0.2672198777190489,94.5385671222262,2921.364996908912,1,34.1689330245655
L7540,33.48513010620938,0.36544822054362414,109.47798506408243,2166.4823462550985,1,33.677884150858254
H3556,83.50097325751481,3.607093694335106,155.12873434880632,5283.514625308573,6,80.20354518186127
M5197,49.658516875105995,1.6027447762208895,101.63026544215526,2721.945511168564,1,68.3406318515118
H9485,88.22392054421616,4.98396349469497,90.80070641968227,5163.21783183129,5,83.3733286639484
L9613,32.58029613599986,0.8273139113670609,115.77284954126408,2201.9959489124176,1,17.106694318760592
L3127,32.700093524487755,0.8736059798938783,109.35572197500579,2139.8302674702722,1,27.290621651926877
H5341,88.5549710706252,3.3811582568823417,141.53524947060563,5762.222449156694,6,93.8083971713336
M2046,64.47681724848314,1.9832054563010126,127.69610578439263,2446.9127262816146,3,64.77011624752929
H1318,77.43574386594389,4.448608262867142,120.12594277922511,4295.425315568284,3,80.73770067982848
H6024,93.3499957907453,4.067673314952835,111.33949944324803,4367.971359916705,3,76.63719250061243
L8040,25.569847869558476,0.747143393154512,103.0749802692621,1153.2813425653376,0,21.296168754115982
M3888,45.6072663140647,2.5015993583223506,112.81444684144388,3945.7449218753804,2,69.7901847918868
M5737,62.48530008290586,2.775013323480064,83.4781190136852,2209.9249101250884,2,54.69843873876185
M4086,45.23228698104363,2.6361454458221476,113.07011539615371,3847.1255104311576,3,69.56502711290403
M9012,57.45774629406133,1.6882804708513317,111.9596443174666,2819.362101374785,3,48.936988564452975
M2771,60.929597266977176,2.5096220449422066,120.70928531612068,2449.969685912643,1,61.371379557362914
H9651,89.49499648837777,3.381179586823016,153.2856448293023,5018.783093166052,3,95.19772476016543
H8704,71.57583692048946,4.680441276006546,52.29057761667542,3643.667873227299,4,91.43196384214694
M7702,69.6727400330577,2.4402525081163,123.63534619459188,2284.4611193482056,2,59.458624498269366
L2912,22.272496493316016,0.8517234735840609,94.85340041682399,1615.5452672033887,0,25.38644372413472
H5433,91.73432514442258,4.388366573493769,96.87948340923323,4336.043567191792,5,82.22357270743524
M8898,62.98213688438344,2.599801054289507,96.54995137304427,2045.8552136424223,2,55.69479195432308
H2424,91.4326650176753,3.9290296638702125,100.81057635751944,4869.156105989688,3,84.20669404657414
H6186,96.81611219217854,3.3929248148688558,59.422628172619746,5871.881765466803,3,76.195667876603
M7787,69.49284255918734,2.42590947875274,80.78988305244395,3380.922553700389,2,53.639188553013426
H3862,73.4323972212087,4.916875121014564,81.95026182133681,5979.939788148113,6,78.61973311629264
M2262,58.286875122952445,2.8055615050229696,77.59793888274059,2735.8494897275623,2,47.472575158177726
M7381,51.509190632166025,1.8801516237862475,107.96616938180632,3938.6991499219416,3,66.15702000544103
H9103,95.85805716400735,4.887869755371982,89.78762829967442,4354.739329026988,6,87.8395186702535
M1700,48.062444359949374,1.767151429679758,124.7442432027805,2618.039879416538,1,64.21647418561362
M2726,54.42888112530272,2.980134683843311,86.65109812804809,2780.1651941462114,2,66.92316008441965
L4692,21.600281461458167,0.24410495953163547,92.48018935492439,2087.013150409481,0,28.290764625687604
M9192,45.05595158153617,2.330756157680524,83.3965189349615,3860.1348749776425,1,60.165557732950674
M4673,66.4054196047254,2.101503739888751,98.9526260387236,3826.036009039575,3,57.40440127624908
H7814,77.88462987653251,3.267188540468747,63.88979086707845,5618.34926751185,5,82.91827093206851
H1030,74.32141940948678,3.2453624770055303,59.99633218430778,4925.994161663873,6,90.13974697897696
L5375,38.61254243590182,0.4950897566479609,105.6721261991669,1887.5616301716268,0,14.719821277635067
L8651,34.64473469917828,0.4011077982946342,94.49808741063868,2902.9001588447577,0,16.30258285372932
H8309,95.49146872736003,4.223032377078136,124.53738102000374,3753.889355399751,5,85.25811682075816
L4544,22.957710565447123,0.6241291516551152,112.7247059308287,2770.76746067663,0,23.995000189162912
M5539,52.29412722897862,2.0464418894003447,104.80493549725958,2860.374905516396,2,64.8988284249445
L2782,34.01025819010302,0.3184040221485189,96.61798639134715,2794.551506882604,1,20.467201027716047
H1048,77.76990211018544,3.3778321808292953,154.9642297518863,5358.1663645953195,6,94.77018132244345
H4155,80.14028474057874,4.178964906911681,68.3008775421932,4789.63176719034,3,96.2391385777888
H9417,80.75468855538831,3.5709869516128863,154.21771998429716,4247.579829371772,4,82.49291128061834
L7686,22.61609528461584,0.7850332201640356,118.01962073781704,2471.537995193955,1,10.978234686075002
H7638,77.04218806770342,3.2672225496152265,72.31386488484283,3994.9436302298673,4,99.25200617161859
H4408,71.23614243852569,4.5474555524741485,136.7216665927342,5087.480578846355,4,91.25958937132278
H7029,77.81237708250067,3.3576313815045107,120.25477654719231,5125.170476478985,6,93.96365976036927
L4334,32.099403778015606,0.2813476898115209,119.03043109513696,1996.1495073525575,1,22.008245633098184
M6376,46.19666886118672,2.456795672797414,88.34257782421584,3089.057941527738,3,42.01921328562092
H8649,83.52798074075753,4.213308809863806,63.08183444749909,5518.315982478325,5,89.35802582155877
L5798,31.609565127746787,0.5968529813130647,107.8947146420916,2473.537119310741,1,13.12158835345436
H4697,81.60024899497353,4.383368396665826,153.6524838463718,4115.018133372432,3,86.44359074914864
L1107,25.516379386849025,0.980606426426814,90.63555907800202,1208.493938865977,0,19.88006267811235
H4727,87.81633900772489,4.832870551964617,152.30450125162264,5680.589186761387,3,78.93110274842316
M3280,65.79069446144575,1.958606010519133,78.7581921288281,2625.471011481994,1,62.511986189684905
L2370,33.50903421160302,0.6770926352999216,92.90255066035672,1012.3870877414649,0,18.039042557992467
M6129,49.95584823625604,2.035112696362515,89.24717250092208,2842.6912528976422,2,52.55893769381452
M4618,56.14453677367544,2.7628244865239537,100.19455410910959,2040.0718868923955,2,43.759443050832694
L4508,23.404909152479956,1.4840757393579729,105.12142650303893,2199.6111349823796,1,29.23900785802237
H3205,78.82400611073243,4.4192246324042515,74.99288063044649,4392.382621499086,3,96.21131417801396
M9677,65.31320260963672,2.336843737074554,125.24444555778047,3288.47160629408,2,65.87155617856976
L7394,39.95862966035653,0.6948933452622433,94.29076620905522,2930.2540153930427,0,14.947601445421911
L6988,29.108859021703974,1.4641050073157418,112.66037703246008,1847.2354974683556,0,34.096668161064436
M1093,58.24292214278193,2.788604724459635,102.03806364091432,3188.461887495369,1,45.869521027738585
M6148,55.90868732213262,2.823702033093292,109.00872556108418,2672.3581521647616,3,64.01381114480115
L7367,30.875395545142332,0.46847396084649773,114.46634272313894,2361.6007018116193,1,28.254387744268097
L9369,22.937465357771465,0.37781856396333563,94.58316812966973,2313.7998400028105,1,33.7322761479571
H7289,80.84715988313967,3.9731957059333274,123.46545181174976,5408.408683898968,3,75.91777590332602
L4479,37.02894007601902,0.15470041004776242,115.80208806542832,1354.450534112474,0,28.030614529590714
H2964,87.97963847146475,4.917661755738134,109.7235825041027,4067.9884057963413,3,94.70408013833966
H9728,76.19090751495732,3.158772578182362,132.50358673935128,4879.959153915605,5,81.96640177555693
L8870,38.52662029619024,1.1338375476339675,107.57211067969895,1507.4272239058162,0,16.238993808466965
M6900,65.81914036954848,1.9999448060991332,77.22888354102518,3109.960605331688,3,60.46644249186129
L7583,39.07803792267447,0.135187003433481,90.99521210665239,2667.244628707359,0,11.945513355921674
M4923,48.592128328440324,2.4409785502013777,127.89008661701249,2086.396357846768,3,51.073819152518375
M2080,55.68447868063713,1.714051533205712,105.58380705297219,2221.4785133485007,1,41.52040088400355
M3916,48.90008631991114,2.727209432987996,86.84506938023962,2667.6945463913753,2,63.284608283287035
M8859,57.60468433665991,2.601551026941611,74.16047656617964,3590.982865545918,3,40.29887028832629
H5082,86.71436775571237,4.616299380803746,88.67534518963504,4036.4559946971226,4,94.67323828191383
M6341,41.31935967946058,2.215336833143789,80.48841177186418,2215.6545519622696,3,55.48193320835825
H7218,91.4936162002001,3.7572021346439084,98.35641229035653,3938.8928052104384,3,85.56443667685885
L9409,22.40241348990017,0.6714047511892535,110.68527003855644,2295.9412504517086,0,18.750144362493693
H3394,88.53825086939887,4.3715111112817215,132.05617361930055,5876.50728760966,3,77.00403023001114
M2979,51.07223965895319,2.5190837247573548,95.06763335243508,3082.9814618844953,2,49.804545002661385
H9561,86.46459228642674,3.4797631195823624,63.129519642910864,4163.997261385195,4,97.30053295355667
H4264,79.5970065027031,4.1288179463102415,137.2087331516749,3819.1466313351834,3,81.80470173700174
L2048,22.6836752374086,1.3059939557114109,102.4676358555192,1773.5649090955785,1,26.691239957335206
L4529,36.774546188490085,1.2876674672720223,106.8817405864256,2170.144178497359,0,17.05367066028441
H8847,82.97994635413302,4.364768506409219,81.0832693706288,5542.171296911161,4,80.78288334983057
L8696,25.93944622375477,0.16249471119710018,95.33639042355314,2239.6936290843355,0,28.702073660859735
M4015,64.08552824268685,2.846629123703448,89.32873463337644,2566.8019279793975,1,69.81512329902186
L3448,23.331249680084884,0.4895472977466652,109.64327063539118,2774.149488364958,0,10.6910547656186
H2290,83.83211017231835,3.157000080740865,130.47742357051794,3868.8135541761185,3,93.93700776011676
L5744,32.42396536377727,1.3659875919870608,103.88627832362698,2933.830091320378,1,16.766927695979874
L8493,31.92182591991915,0.39698179469333433,110.22353439897009,1096.7775971340166,1,21.77790392752558
L2113,35.28469247991322,0.5262214573204234,95.12271183416742,2526.459579803927,1,29.659891509947933
M4938,54.071288621258695,1.7745320955894508,117.3645354453775,2308.659753332856,2,52.22349321739845
M1673,41.90797119605408,1.6328719198485029,77.40960613357552,2747.1930553778516,1,40.98285778419683
L5818,31.375408125185082,0.7144272885557007,109.22818501374688,2504.218143591811,0,23.384087712248462
H8813,89.22175655799899,3.518606567270529,101.05845448730837,4900.358835946948,3,77.00759518591448
M9415,46.339225567323744,1.6851142810435749,98.39591463541879,2585.4359796818703,1,40.97875337791053
H5460,96.86744807726608,4.123517380098129,54.374278078036994,5575.810696842614,3,76.75127427876818
H2318,89.75838023861299,3.596596545204336,127.21808611374135,4664.601544948902,4,85.27148170707866
H6315,96.95808593430166,4.347253520810272,69.51343559680042,3719.47169841447,6,82.01933276593446
H9819,86.1921009835783,4.929484319060379,72.00708813214648,5065.340758951952,3,91.40122976090542
L7535,20.129150303819394,0.9693484514321132,92.48338135895133,1383.0502755244231,1,14.04151948037184
H8808,84.58664948288097,4.316886519776029,107.94629785689948,5524.236683175562,3,94.15410125793642
M1036,44.95766574412532,1.7132371038587726,70.03164793065373,3033.526452167733,3,57.19941926092131
M4188,60.87304989097306,1.8378616715357816,107.1812104096756,2703.5493562928714,2,61.00990322954139
M4105,45.180577052974236,2.288502745813037,73.77699807697023,2368.162498826513,2,66.27791842687583
H4848,75.87613916719963,3.669072866087438,138.5083168589671,5777.701192362752,6,97.47341301542203
H3862,91.87550090291661,3.7241351802435854,66.17836245607823,5435.730832936276,4,92.0165990432638
L8589,25.835455943902897,1.4389038577037585,106.47297120081589,1047.7851987892934,0,11.54752824227855
H2063,75.82976547051484,4.404823083872011,129.9641091298212,4635.048375066195,3,83.93791250359797
L7967,31.49607672735468,0.77348574979568,99.8064214794934,1275.337072448849,0,14.525305296903776
M8465,54.05542169717,2.660282266302906,96.52978203605599,3683.2661340389413,2,59.40355526291419
H7860,79.4278471726049,4.443234187810096,108.82229283029629,4186.686419721774,4,93.80710768764703
H2429,87.03446018154496,4.282708517706293,59.41943077257616,4192.465621292141,6,90.75218342043308
L4713,26.0182161184342,1.4854954748325477,105.112294652648,2756.75672534911,1,32.83189329052629
M8082,41.916488480996236,2.013668323565821,95.0663795231279,2916.8667622540934,1,54.38810658001136
M1418,68.55068888430277,2.428096512821633,82.27418324783574,2315.1587340827205,1,56.21671802185354
L7467,29.465757524622866,0.29757125918412086,109.55431338781953,2262.571299723328,1,27.318928631188754
M1877,51.28551489492778,2.062530814663586,127.34889388919972,3398.0702272744884,2,58.65234454825248
M7729,50.69309558890272,2.3878186020525822,86.64340662489323,2583.5111027186204,3,60.16599824877115
H3324,88.90683399469624,3.836679183420191,129.6367433286354,4780.574197878048,6,77.82411082316331
L8041,32.86802882503119,0.21398818133200312,117.52435197423794,1802.8401986667604,0,33.89503511035836
H2279,98.40475275260563,3.369456049810945,56.521739117342555,3896.762289676497,6,99.48640047307948
H4407,93.65779608884952,4.616818317474827,139.9549431133803,5799.013166792781,6,93.73906464293661
M6089,64.51822029534284,2.897996616679942,108.65153916758672,2672.452089229091,3,41.589702648097415
H4709,81.70425317090736,3.900186862882809,131.60874483301328,5928.900533830163,6,93.32728802213104
H9274,86.1369223043198,4.914064140075396,143.0939607161132,4579.591287815204,6,80.89993792199775
L3180,29.584295641197542,1.3016499564626274,103.89620258882206,2838.1152891576326,1,26.184410714256806
H4573,97.24769693035408,3.147985834887544,124.32206570107935,4017.862860182605,6,84.86832784295322
L5301,33.126500943593875,0.5770982948172529,102.83784906055492,1851.9012866927417,0,12.777756641006023
M5820,44.657033252472544,2.3261975861354105,104.84171366858726,2538.59143766007,3,44.50240422400526
M5258,64.38587437436566,2.0470818798075294,114.20543499656063,2930.0787254806614,2,66.15134832772648
L5399,38.60570563141584,1.43444705437511,92.20024129099951,1550.025057183207,1,11.019455892047343
M5082,47.21614758645243,2.7823151428978647,70.75969961912533,2312.3025396308362,2,52.06622939329851
M4271,63.74161538902339,2.7131577831776887,75.52021939315377,2134.302805635028,1,40.02937483393614
L9121,26.307505613567102,1.259469163660954,112.14059184512318,1429.8467952850478,1,28.67278404996327
L6424,38.29647289135882,1.485464500133458,107.50851638992685,2917.5527471968667,0,34.60538971843149
H4128,86.98985341034567,4.668424323840761,77.9008925697942,5909.666125539323,5,87.08389830279273
H4783,73.9869575437735,3.7080861849205267,153.31279953689827,4208.881770545217,3,92.26821144347666
H5463,98.01481933576979,3.4598175141244076,54.26824975757542,5012.01926167095,4,99.04896372273998
M7786,46.483363583877825,1.7684992571987093,84.08465505761026,2192.3083566204714,2,63.395204786025495
L2569,25.336453990354865,0.5477818715654144,116.39607585706783,1620.7189284724266,1,30.374442561613876
M8779,54.33940053189995,1.894956808447801,122.52779482128837,3202.231137556312,2,47.32030373856926
M4790,42.746991426409224,2.753602464472639,90.59121622995083,3528.7695379467955,3,50.93174829321499
H8063,96.52172100677119,4.664817065131944,87.19972753342735,4929.806227703491,3,96.45837713803316
H3268,84.94753098955515,4.254952743374325,131.7148144154408,4168.991304315494,3,81.21705219024965
L5296,26.07463208845655,0.49321322098555437,103.84352540980386,1504.0451262570239,1,15.239752093299114
L9958,36.29481742369169,1.1449237921779316,98.35686903428918,2330.9168701916983,1,21.193255404220306
L2233,38.27497396600915,0.4435171409410421,106.09361774424025,2301.1438884906756,1,17.46223169359116
H6341,94.35888243917397,3.1905732260898025,116.17477439657719,5659.618431767439,4,97.72909412010716
M4548,53.826100588045,2.280814607835539,92.0482342236753,3339.9106565360426,3,58.18041864727712
M3506,50.07156701066642,1.6121518463439342,127.69293649923921,3426.7826695871468,1,42.18665589312583
H1990,93.0600554835835,3.430125985727438,81.07719917166875,4541.356237246281,4,84.4704012553192
H9245,76.8587761352305,4.799879870846354,138.09870975692826,5111.73572279608,4,99.95813133499223
H1588,94.64790031892908,4.021453587543148,150.80303595999194,5700.868455995416,5,88.7216466213461
L9347,38.94703393462093,0.5317393528721056,97.01180006062181,2004.8838050355619,1,27.22676142967979
M6823,47.70616425535177,2.8326827244869883,97.15761978710222,2919.9771548261733,2,68.7377312281043
L5773,37.88785408187942,0.58390373323521,119.30218683141078,1391.8845476782335,1,16.571129066999173
L2841,27.09376764219596,1.2729181794648332,93.01820033814299,2425.4511013483902,1,28.566658028698672
L4501,21.71596330271509,0.7156577827931165,110.48851608743136,1784.8270322926273,1,32.41679984533553
M9547,67.5326779404472,1.8498380570198538,98.98585940669095,3934.374634616016,3,41.08932813191922
H7302,96.36700089551834,4.727487182078318,94.68602520806743,5451.9131953647975,6,97.47033678532115
M1171,41.95240704437582,2.439008483860761,103.4009516630923,3460.737711806461,3,40.33967131062107
H1094,71.8616128637942,3.735578556068177,123.29353948446163,5785.569828806628,3,97.91513297710596
M8338,67.17403149314536,2.1576440028350596,126.85561610010775,2514.055490219777,3,41.269505702461586
H8693,93.95379624753181,4.213230019884092,159.67957685096115,5918.861688641823,4,87.45870368422626
H7451,86.7290694274168,4.04735833304324,60.72506413549251,4181.069978350254,4,82.93017333718399
L6394,21.10931291049894,1.2380468753004537,109.35372905220628,1412.352623774315,0,13.81743023897608
H4477,79.28742801847193,4.337697120563019,143.92498032513646,5011.384425853813,5,91.7648672475414
L3281,39.58586134768591,1.3258534497619692,99.16110706373685,1232.9112496590292,1,18.321296485019957
H5131,94.2398134654519,4.641192421784637,74.74608325580662,5746.572689097041,6,89.85137980850007
L8327,38.16763031126428,0.5924612325983101,100.28998890308424,1407.137822746341,1,15.238288949474699
H9940,88.83956133880984,3.410548592586271,142.40076364555554,5775.874043394036,3,81.45830774202008
M7581,57.35862572620988,1.8563425625672263,107.0358566066236,2593.720386534444,1,56.957846392681446
H9937,93.05073957493723,3.1263972928062205,147.3550202946344,5656.487513745077,5,85.34272360188622
H7186,86.08079264275537,3.4729083547571795,66.68652218150152,3804.9535739003004,5,82.54679052537787
M3757,46.15256097323185,2.390628523396435,127.0816648647774,2749.837005740887,2,43.780444506659684
H4906,79.29825196515735,4.3346578790463735,142.45719635265,4931.480818097468,6,93.15367348916318
M2282,41.10956907850071,1.7952880323977638,112.04404139447924,2998.6289052325183,1,44.491969062451
L9245,31.385410273883757,1.3549517446504504,107.16166067455882,1458.6604327879352,1,23.758739491370275
H3913,93.95269107201142,4.645024388503547,157.04628175111552,4870.532940561916,4,83.60771900448388
L1296,30.783166175714648,0.518103218748467,96.98268914918488,1622.109622540707,1,34.28624234457127
L3306,21.94647054669288,0.27870925161895005,117.19436215081149,2804.1483823724707,1,28.200291830613466
L4286,25.448143293565355,1.088975915858014,104.79478653343396,2569.794027037549,1,26.90602668616794
L6731,28.169567453618722,1.2434417008229706,119.20542410252824,1399.4868834474103,1,18.97365295761478
H4907,91.55453729005309,3.44990404239434,94.50357848197353,4803.85378712767,6,88.11963090377655
M2270,58.33733913484548,2.3913467656168566,102.31428643928125,3918.4447500658416,3,68.29457001807026
H3471,82.47331621303675,4.967265278852196,129.3686151221257,3523.073768785958,5,79.75127160486254
M1528,63.80131902594752,2.7380548523422976,89.15589643579452,2555.5214400087266,3,54.390207923072204
M5203,65.09305341977876,2.0426024113813366,81.3825274442836,2831.1209694514005,3,44.97986160917836
H9977,78.59350447867283,3.146898164934067,85.6732144858647,4590.280108680952,5,77.61034463536032
L7173,33.06037676525526,1.342164703993052,104.99557027506012,1098.7335236312824,0,14.749866492623894
H3391,72.88519638562957,4.163414311761903,107.90497768449518,5151.443040920363,3,95.79851822993382
H3631,73.76851085163466,4.074135401422577,159.6281901535983,5156.155725505157,6,75.64887386739598
H7102,71.31212192907068,4.2435995229592045,112.24616722920997,5208.632843478376,4,91.8481931230882
L3744,22.501553563572397,0.8258532367302391,106.14861336678166,2281.5292191602803,0,32.831959791508595
L5520,29.289273309599185,0.6617559078420449,107.66505638218102,2252.972837156078,1,20.18155500926752
H2280,75.9863319742978,4.326471177830422,137.74561587092987,5039.697283045053,5,95.7461219035064
H1221,72.31412516336849,3.3613250625028988,53.97994987562426,3754.254368280288,4,75.65801195888986
M6920,65.97843469534858,2.0816320068217986,93.0182536960908,2566.4374159322674,3,47.61130539386492
L2379,25.903747764879125,1.4840065482788027,91.40027140710468,1989.9105952147481,0,27.12261857870399
L8318,35.83779603038061,0.3206227179858991,106.4218510798602,2489.288179514976,0,10.452192759321557
H4615,99.36727535452951,3.2654516713535426,84.38953873809317,5750.0637477758755,5,84.14100684639943
M7606,49.65986909395671,1.7340556582566795,121.56609036707992,2531.8345179427197,3,55.42412691472651
H5476,72.97888021514586,4.248099341042542,131.56353067919756,3592.0015203449007,5,85.74236466821306
M8755,65.44178967107963,2.808709912637293,107.22196542683979,3635.1451738060273,3,64.12307504807688
L5072,38.083540523902165,0.5620779276892384,114.38079949568576,1379.994709269376,1,20.80784457470284
H5597,98.603828300946,3.780112835981885,87.66698851238867,5056.7781308713875,6,76.76876226289754
M3405,46.1799543831561,2.5149063961371962,85.56980064753446,2402.046376010412,2,54.10952664890406
H3275,83.9604389455184,3.9783402672417023,156.91690713211278,4078.52603454872,5,89.11378537317724
M3512,50.49162940527912,2.7842306638696246,108.1976141200651,2808.3399623107957,3,67.54614469504699
M3569,67.8698366019169,2.800636037744425,121.17281760515385,2385.799106905972,3,53.60200399294238
M5561,59.6098673236752,1.6548007524674293,121.06964623820298,2643.332626433278,1,40.87511058975972
M2163,56.97293132263411,2.4185909691687213,93.22666401603588,2268.7211331610974,2,50.19768417454284
H2318,81.38800854187726,3.72483173733054,88.41512612614038,4571.697321763727,6,83.67282991561987
L5316,38.306297708666925,0.8947756150752781,92.1806397154679,2572.221171900999,1,14.963197950356946
M3478,42.939107192114896,2.9865662488373146,128.16173980274183,3703.432739916883,3,63.439610637980756
H8469,75.57960544619603,3.4442214367256514,156.92503673506545,5828.357897711562,3,91.26871564290707
L6001,20.27526014408511,0.13783586504816503,106.80597169072342,1548.3034109842972,1,21.292244875263727
M9104,53.59593200255131,2.6327431324684527,89.56809978798702,2802.313441240129,2,63.233544443820186
H2907,99.2915193200087,3.3395354986826407,128.76903152374118,5141.76222537759,3,77.47356118982992
H1910,83.84631749086287,4.060684546275925,89.79222284659166,4001.819273723524,3,79.95471598649027
M2525,43.80978741108165,1.7295981952500994,80.37551117024935,3364.465697836657,1,65.15506484884497
L7423,37.24667745865136,1.0246741663541339,104.07175581159626,1877.987474371203,1,10.412937635299675
H1899,93.69799268927568,3.473095434676748,61.628948385296084,3915.8192270735153,3,92.66685590408987
M4726,69.86833843616171,2.9565293924345446,105.68010951419994,3968.441391872639,3,53.31483485340295
H7106,84.06058230785457,4.95433460764337,111.60945047275112,5339.658156807538,5,89.40193381565827
L5519,33.70320591669177,0.11286360949941415,103.7400246254784,1387.2879033364072,0,25.63830308001693
H5713,81.31096987983261,4.379444854225997,66.35641668295999,4203.588302582562,3,88.99788797302179
L4674,31.232086383206628,0.6629753679803111,115.97059332954933,1805.157747770585,1,23.829274044244926
H5637,97.0240306375251,3.524642974885205,145.94299063189453,4141.329162753174,3,86.06408397969454
H8916,78.8063725366081,3.886804728877181,138.76040220656253,3807.245940364196,3,90.3279742506664
H2004,93.44781640732134,3.781654054693493,85.72172205014641,5452.324651646736,5,77.94181631596999
H5632,80.68791814968782,4.8716477588017755,113.80008759264949,3668.3532095169844,5,76.78265747362242
H9382,82.64288129875132,3.9214809316593646,84.60858239661108,4474.691696166726,4,85.47771496953489
M5068,68.57995800484173,1.8878734360697313,109.77597707607758,3904.206012595689,2,41.12537641165792
L1229,25.08943365821277,1.2275993737875324,115.02571551020145,1569.5918022811347,1,17.68341018186734
H2903,78.64713571097973,3.7332512306017613,102.34780096364541,4558.706451078562,3,83.24342347813035
H5627,82.8172671850545,4.196139790866582,132.25603295075615,4043.792949559787,4,98.24162457731902
L1693,31.31467304084097,0.765919269361106,103.35845168530655,2233.5195296063603,0,15.308764120884254
H2440,79.12968043003315,3.4505065133638255,135.30003364232599,5097.656770593931,3,88.10545244895843
H5686,99.66117926302242,4.5656635988076975,120.6361558500894,5830.827141916243,6,91.11284882243758
M4875,41.631774910570684,2.4642109948687057,123.68713144553513,2647.6880286261494,1,56.26648783509618
L5174,36.49667199792602,0.31655985148188553,92.35258088704683,1250.002096337964,1,18.762498819957656
H2223,74.0156588086885,4.180148735540312,136.26218119344472,3994.063642228776,3,94.09417774842402
M7497,57.767984739263,2.9173373187108647,96.44488484814272,2948.1545067506895,2,66.81264057690642
H4663,91.47573650446925,3.233264840385246,59.463425802962426,4889.396455440618,5,80.77985005334719
M9773,49.03165018379946,2.168848970617598,125.15784825499553,3962.556059306002,2,44.630250837595284
M4361,50.35498407534694,2.788903410293794,103.54182303096438,3786.1157554873485,2,50.13403802810448
M8126,53.31164340051066,2.16331678775677,87.91913953384258,3944.4020207207022,1,65.90331925405894
H7649,75.56325896160931,4.348544250755486,67.96975018827318,4999.643105417803,6,80.2402167514142
H9339,73.83269277475264,4.551973376755704,96.58070137577445,3709.1259907194462,3,82.53964781721635
M4851,48.67422401689453,2.0510254655008513,129.16594444926017,2077.791859403842,2,51.11886894417017
M6727,47.9834521969542,2.618504030645858,109.0696204293226,2978.565766468599,2,40.94013545656979
M9415,69.8941836709958,1.898499794232008,112.96451235301846,3698.548553369474,3,68.07941857709332
M6729,63.778121128737894,2.994552646980937,86.87080142324348,2690.242622152003,1,62.33587425371714
M5882,41.36046469694705,2.066482003574472,73.87097108687965,3299.5171028246573,1,56.94143336920486
L7181,20.672203853742623,1.4419364109837376,97.22293902058983,2933.4541978735015,1,27.680607320384826
H5702,83.18842292238187,4.375624690232428,104.51406832632873,4161.685693373054,5,75.7194422434415
H4529,93.87923299651426,4.925047321726264,90.59761888119381,4505.300703687838,6,87.63971532912636
L7481,21.461406325069547,1.3589580535789225,114.57117281016477,2700.638238859887,1,25.555129752914194
H5292,96.14971321453298,3.4278596718870697,137.00594458288992,4197.82792162399,3,99.45138907972216
M8170,50.147276178300466,1.8380353156133038,124.18470639899773,3313.3786139576623,2,67.65193472311746
L5705,28.721131835256756,1.0030827828933924,101.37309175715836,1573.7802849686425,1,26.10359969739939
L1499,35.633309255440935,1.0078135672278887,118.28634680353785,1571.0963585876118,1,15.815846281085221
L2090,29.87200131779958,0.31795211535324336,112.92712446942492,2530.7852178852468,0,13.152340856068534
H2083,72.50025318138061,4.082507878069564,121.57522022047786,5303.486932164304,5,86.42925825112248
H3640,82.5616129402372,4.747777002179335,85.15166140376161,5452.633102516782,4,90.40396240699756
M4647,41.34868448695665,2.575267108212172,77.72844448307788,2200.0808444885397,3,67.62360500706765
M3530,59.911761288981005,2.8129772780096114,120.62480035696512,2488.922463464352,2,45.012274897896354
H6053,76.41074023594281,4.93315396272967,53.824451880305354,4940.070967671555,5,91.77904339587224
H9493,82.56018852813607,4.795866381321819,64.03951777868129,4864.3436521497215,5,91.75794556072135
M3159,45.238419973826204,2.4080039444449524,83.62949990191788,3992.496163536572,3,50.91726204195552
M7276,52.36124731960566,1.7542019338636312,90.16972662421313,3528.5496645040776,2,46.28517020729713
H8403,71.45388869147665,3.418269791327242,135.22793929369521,4494.047686731303,4,97.21054720394012
L6812,27.111615509863622,0.7187738158100834,110.55061187023543,1286.1688511925859,0,10.635130804267686
L6361,29.9615619575675,0.11156662341062416,111.30765226568052,1552.2233230730153,1,27.52987517176964
M6153,50.94255385875784,2.9354633434436828,90.97588462396368,3913.474230807624,1,65.55439134358221
L4630,30.21978391638354,1.189410292280403,101.32856704670596,1152.7281286230973,1,19.451966453606513
M3886,68.78491958905985,1.7404803045745414,92.82449292656628,2641.614391147977,1,65.21278768798128
L8168,38.91255188457539,0.7353332606936948,97.78651786476361,1534.6789792521909,1,34.946990304241986
M2089,66.98194831460336,1.790387299396781,108.12044142399952,2490.942049282718,3,68.07095018366647
H8555,73.22988929761928,4.493306125933093,141.30077701462926,3696.4519778178474,6,85.91395465569744
H6117,94.56191311746258,3.469637026013476,149.3459361180629,3515.7095122825367,5,96.01853777734846
M4387,51.83744388283484,1.6291211364011169,111.61585626421555,3459.5258022704684,3,41.68890764331771
M7665,53.041589128367185,2.684183513178236,96.95500990943356,3705.401524981786,1,62.73275700119711
M8273,61.97835057289754,2.9586722890538275,108.41261310820998,2724.5404684630325,2,63.62671907733866
L8492,33.200641405939706,0.5892400125341649,105.98623816747795,2082.4286174469294,0,26.688140596293508
M9472,43.07045707414026,1.858260692943537,88.54048411745244,3874.67089213927,2,54.90716682326067
L2403,26.97386391006636,0.9412499699764374,91.04400457000325,1796.7885296252712,0,31.294997588223875
H2196,79.93903575904278,3.693400396795308,128.61829396717977,4780.693649283471,4,95.07326398156741
M6444,47.09629928042254,1.8813986353637613,85.50144703437155,2201.9551767359258,1,50.301388046887325
M1900,61.25855476690624,1.8071240240519522,128.5937128581207,2855.9871885656385,1,54.87458992260172
L5798,25.901899411610135,1.3068847113679603,109.79126610595762,2779.459353706793,1,31.8329497777141
L3734,28.423626436018246,0.7939864307807066,105.07985002170257,1506.3356972124382,0,34.56440472103762
M7703,62.47069909533067,2.2228826297656994,90.4778846858647,2515.4896640500415,2,44.94135540600304
H8260,83.74995696422316,4.959693936571033,143.59352884332105,3918.0239950277723,6,94.03708896972402
L3607,23.554736791987555,1.4805211763724857,107.04079153572916,1104.837495738722,1,24.06436248193896
H9650,95.96444785205907,3.5922572033029545,114.35683353146432,4053.4789858236395,4,97.48272876567947
L8434,28.61016547470483,1.0085309561205866,108.38299736805816,2095.2384312379477,1,23.162496245911495
L2136,31.086057474485294,0.848689214634508,94.66432822273323,2998.724655403403,0,33.53952894619396
L4866,33.1569290422164,1.3482348249790421,98.47391964777313,2850.823384266495,0,22.79441334343422
H8750,82.70431837045338,3.9221035715951365,133.0458147484162,4432.6611378337575,3,90.44213544453508
M5399,60.14291207295086,2.0128021080366025,74.32347839729402,2613.183332113683,1,59.8064116809679
M4739,47.93413225036473,2.5250086697510468,74.54358284461459,2316.0028973198796,1,43.298656497343764
L4620,36.89308679990997,0.7350533401511877,106.90531754785684,1838.7370609211512,0,31.994415528026142
L1222,32.42898147417262,0.7497971235743888,117.03655133892822,2538.2487955958804,0,22.265723955599945
M1615,61.532073373457784,2.5244351268272696,105.13292690677162,3370.917100751504,1,42.919434914316184
H5465,84.0992871159306,3.4667859249548645,147.35299349665465,4492.1676092372245,5,77.91767509679298
M2225,69.8388208080018,2.0029832672888483,127.63597666862435,3003.808263799748,2,61.12009595228509
L4291,29.32001351569455,0.6720763826608204,114.83165814527229,1387.0748296673469,1,28.479089668353023
H1037,78.71261927673257,4.144422763118046,136.27156909077218,4844.19647440912,3,91.35668633746833
L4411,37.0461122195025,0.9846355445767533,94.5361947150598,2751.9724044324776,0,32.297231819686736
L4449,21.628007143739417,0.7794439837654049,102.33924930483849,1548.2183658085653,1,31.091747451916383
L2584,28.1257500027424,0.14636823777523994,101.45919258637515,2416.490138560151,0,29.444185483810944
H9834,82.55220921862734,4.1734763772466295,58.49453173338771,3593.9545713232596,4,80.83749148033812
L1349,28.77289620695774,0.10123039259339824,90.01441225404322,1996.4144485589925,1,10.362713621454091
M4943,60.35586947339386,2.1245966803275134,98.92172315707967,3587.685312007786,3,62.70668552772808
H8337,82.64246428397591,3.9511839444169117,59.8827393877764,5817.545595319283,6,92.467164732069
M5514,69.2835277650266,2.4417226372491223,115.93821815872087,2482.610747056199,1,55.9020230079476
H2488,75.63089409608695,4.369189506999829,141.65389953547145,5938.468311256334,6,93.95916868056129
H6150,81.84139853164415,4.270603401819784,158.9453117579798,3879.60001095376,5,89.0714365156927
H8380,85.2651762153577,4.227461457852629,139.01410094669774,4859.251416432664,6,95.27918148324952
M8827,43.625044988185,1.7159458067517792,74.29279734002864,3632.647382457611,3,66.80719736974808
H2029,89.6983311523271,4.88467634667968,75.30170982587,3946.9163034437333,6,79.9971209272888
L2145,25.591368429504044,1.0497799442696625,116.11252472532594,2185.1569120381796,0,11.276654848481511
L6347,24.54057216931155,0.5718918003335238,118.51631515675098,2171.259344516403,0,28.853288234531046
M9374,64.69368401311097,2.1741803297660303,109.04394711837664,2569.6755356845656,1,56.47507299387933
M3160,43.850108932983126,2.4421849211155173,100.64443984960698,2761.340339679912,2,64.00377107163841
M8085,59.988910220242055,2.690384855134923,95.92268058742299,2874.8887296005146,1,62.64027669019119
M5753,56.01751783322609,2.686332429990002,126.83907489883062,2607.75084918045,2,47.58125336035028
M6081,53.155263674106465,2.9332418613127684,86.80912088889838,2094.2956034732247,2,52.09084782114515
H6399,88.3290105041495,4.2779882717401625,55.02544062630216,3652.8470162132635,4,89.51379179453552
H9098,88.93971226784382,4.318071017395087,151.43514657696488,4684.709455450713,6,87.34843144357826
L3879,30.84809497559774,0.5801220571566972,101.0339107982185,2206.8772315782862,1,34.8714466356653
M9146,52.472248754103404,1.7045666794601784,118.02084467665739,2788.80046078061,3,57.66920459128071
H7483,89.23406901232343,4.771370125138409,109.27629673890075,5508.650009918143,6,91.91602491221327
H7670,82.76797217076941,3.3767561783100577,139.42953417459185,4545.064018794873,3,99.81901015099803
M1541,55.061987970499445,2.10001149530473,91.87065654210876,2297.6140548816743,3,63.48607582958518
H3365,87.75508420849685,3.2451079203429267,147.3150825376352,5883.1250279474125,4,77.77663438030594
H2450,73.83224810404096,4.449849492341936,131.1873010095807,4484.623867551322,4,89.00836212372214
L6060,24.058933137592714,1.3763972503820334,119.62118633724137,2040.2130651823354,0,30.96251813164642
L8095,23.01594387190283,0.814734876793111,107.1728517070091,1707.855900452774,0,19.65632866239265
M2822,53.63501193833959,1.91420631303567,104.36067025602145,3013.290436930267,3,43.50231238415775
M3584,57.82582455747626,2.437724334274461,85.56293234065001,2400.5566758413656,2,49.945101466337455
M2848,61.4454001697848,2.258519357226044,123.76614838576316,3862.173597375408,3,62.31263114892549
L9825,21.00423474943491,1.2750828953532933,118.05530768692743,2438.3619003629738,0,13.2716341090363
L3338,37.8821188626751,0.826487904486478,114.97128664982209,2449.815205323871,1,14.07557905506918
H5525,95.72158131654834,4.084601783210069,77.32318094819192,5667.644723188019,6,89.93846003777594
M3093,53.526599177842975,1.8648943204219102,112.22796310433444,2725.966035565651,3,68.68630010801112
M6444,68.38174879021558,1.6143553461352593,98.30025951813334,3235.0789148340477,3,61.17204081213618
M8577,66.2565581466921,1.9539140537784858,107.50577808065141,3325.9084066620753,2,50.39715617000176
M2001,52.4079883254005,2.9287030953238067,98.26666234314331,3900.058484302202,1,44.24592583529239
H7328,94.02310792401047,4.259559723968261,107.5974995263411,4520.233792221958,6,81.92870547526125
M9789,69.31668897930935,1.6546431092856113,81.80891807734072,2693.314688778031,1,62.591988988096986
L7692,37.57515422571254,0.6638618201309647,91.33894182630601,1219.7292231789834,1,11.082640763299569
M9389,54.085374418509524,2.378211937573813,113.95163528396382,2815.6270020923375,3,50.783171269412335
H1094,83.48032421188086,4.717255478317821,63.56918097006623,4391.260820071301,4,75.1022839400604
L6070,34.41400204724905,0.693817277442825,107.81558241349974,1612.9604716448391,1,30.262231952904127
H1020,88.6318016322868,3.765243347990951,58.431424591011414,4281.835029948258,4,90.27788600528463
M6295,41.515181914564366,2.332818380627042,91.39666247223687,2840.635849921024,2,45.64919208365703
L8222,35.9902101927444,1.25850037265079,92.00272492210809,1169.199016060642,1,20.686708027961263
H9005,82.87137134059986,4.35760635070599,141.60748400064193,3630.474966278294,4,96.38278628116805
L4942,25.410549461425283,1.0481298669741645,114.89998248536918,1060.3124452380564,0,23.651063452902395
H3369,92.63360621689361,4.170630067575238,50.121784170621055,5971.218825157322,5,84.91867308438486
H2667,77.03834567370282,4.969367352286387,57.45096949655647,5369.683339835564,4,84.05912138904093
H9876,76.28869089833361,4.20344027371977,128.89261852941743,5781.616511476542,3,82.64056366120853
H3645,84.85579220623542,4.723211700272253,110.84503913647322,5594.415750029391,5,99.64568152208726
M3286,46.76037871901363,2.944881403046431,84.47020832931574,2923.4375755371116,1,54.410730722886946
L2673,29.40329382309876,0.9305744389645694,117.71773139029173,2929.8451547290283,0,11.125154808668654
H1989,75.05674994710871,4.242376518904456,87.86831893613035,4736.4055543881295,5,97.51186205824595
H2778,80.65492427441366,3.473449965941485,125.12665889944326,4420.84830229462,3,87.40685971068727
L2967,31.238438661236888,0.6827580487223647,90.67758653333823,2973.7866188227376,0,24.765653136997155
L6207,24.968064827681292,0.8451078795696576,90.13031675128269,2068.4761256370593,0,31.007884600752064
M7171,48.012847662932366,2.1593746637522524,114.72467903811113,2588.495714947583,3,60.033714867391865
H9860,97.38647918144564,3.628592828512926,110.32640090342068,4651.989772695049,4,85.53865901475275
L8366,32.200038607027786,1.2173836849807944,109.95429825909048,1171.8393442399845,1,14.688948142333171
H9923,97.07906212366468,4.411279262643215,113.84733628948275,5575.723037330605,3,89.65770224252859
H4419,97.42147569953714,3.522583311664253,113.72248025917771,5558.188262586559,6,98.96430397542396
L7047,38.56450458409047,1.2204176147174637,93.96038715023036,1368.0536973445076,0,22.435639832594084
H2269,73.64125913359183,3.534522996949561,108.01458391427771,5840.742288725234,3,77.59615349867974
H1639,78.11064744164351,4.899703084274536,149.45980552338224,4205.205770114766,4,96.72924693404255
M7995,46.905098789006026,2.185333681688199,82.86166465088277,2496.817702507956,3,65.63162331643494
H7110,83.39925746687396,3.180397727154936,112.83556942564695,5962.34507524921,4,90.406859039676
L4356,27.597087468382554,1.1646308089619026,103.70308726782356,1292.0728850707492,0,22.512546733677592
L4758,30.078784923290183,1.2125493219360615,96.68077996553177,2489.810637095374,1,29.334612910489177
M2195,66.75049968036933,2.9107349776542644,74.50489666186748,3131.4893318402364,1,53.94312185373337
H6237,72.47230460439394,3.8681640405706474,121.6898419760614,3980.5297660615297,6,90.05761431419246
H7501,87.82514313342375,3.8628172644742285,151.6806603218163,5770.950829256277,6,92.22824983509285
H2253,84.66531161529986,4.3843949353281255,62.51123304137992,5583.155556635729,3,96.42668488805356
H8490,79.26284664522657,4.697084936034813,151.11412227509558,4542.417236510742,3,92.91684075078058
L1365,39.31980701520648,0.3241004602941691,112.66069669651958,1154.063436194191,0,23.77210401817763
M2073,49.93892539813491,1.7822051466193232,129.01030432289969,3385.580518662501,1,43.71370440606344
M5131,63.27722363538083,1.8798988935777836,113.85932428845034,2670.023342553747,2,41.17269031740814
H3384,82.01614430477817,4.936596071156968,85.10255340705712,4071.180199298141,4,97.28456133462544
L2596,35.07279765161952,1.3829826243225405,109.9349664289295,1043.6645963462756,0,21.195113087580147
H1161,76.48626452075368,4.974447229822025,105.83752413188427,4555.010728414774,4,96.9812424654937
M1654,42.98649309279168,2.577199073434007,73.66069307138378,2815.101795966202,2,52.929440504810984
M6636,51.79214417929918,2.1540404553857035,120.31072021908042,3052.6515210549737,1,54.14537656639631
H4733,94.68251824333305,4.600421237924768,109.53127445652319,4199.761499508604,6,83.2655631794162
L2465,36.43220550392121,0.3968140408747452,106.9513474946446,2114.5822020617766,0,19.1696202550802
M1745,41.654924372353335,1.6371211342222711,82.89138444449414,3965.264407438342,2,55.42626497414317
L3991,20.76258226314344,0.782137766365757,99.41234249011814,2862.189082510731,0,28.824588383224764
M6601,64.88713277372482,1.8124909563223635,88.84724939655936,3994.292718090957,1,47.00760548644213
L6313,23.533048187119537,0.3505956180397147,115.15301789683275,2131.5759579507544,1,29.34243338027748
H3792,95.69561093001741,4.122412984631396,75.69098672441575,5876.05465748445,3,79.26994960153787
L9584,20.898966463359116,1.1239533605626124,96.09821204581527,2784.184171206352,0,24.326265386034663
M6013,58.194684540465154,1.7314486557924949,103.09871686008553,2847.180387029466,3,66.37769645067554
H8785,94.2315941300658,4.174862650915927,86.43005982329512,5169.095836346254,4,97.7559517470836
L5790,34.6865124617916,1.4899856957180706,106.29467875027618,2408.0099405420424,0,32.66639717849641
M2715,41.94154421916456,1.9336703123782837,127.10329332428557,2907.8878614099126,1,58.69803472033669
L1553,24.851164695936113,0.8850661619717379,110.88740688197747,1697.1475424996336,1,19.89038962688886
L8165,20.71841700349886,0.7209221515972254,93.63985756735214,2486.7869768325,1,28.737972838600868
L7510,39.64032838128746,0.8522683474099876,103.53712399767281,1031.5929006665615,1,27.149683553769638
M4537,56.27155891923067,2.7005618850214996,114.86327189138031,2615.45438951823,3,64.54106777362591
H5515,73.28441555585987,3.440402773734052,92.32479013615368,5805.712820944811,4,75.4846981411953
M9843,51.72413739531418,1.8287803461261964,87.03280054229438,2560.7913508282923,1,41.695235728472575
H7534,94.53000466785011,4.644618376687809,77.41936892494148,4900.392533679632,6,97.80291927350422
M6825,66.18803764743481,1.8064710968710522,115.87073576593488,3851.9898237987654,2,67.97725880662018
H5251,74.59290926322544,4.6067012279096975,104.93914158847717,3865.1056674092633,4,94.23085981760117
H5238,98.56656561882095,4.753039310468807,155.91105768120767,4032.2582348459223,4,90.59237389817321
L6679,34.69642689406261,0.4994279663313441,91.49666162116658,1213.0308851404932,0,21.888137627952503
H4142,89.19197510447215,3.9328493261430513,150.53819249330277,4501.9932239956715,6,98.88513584755295
H7018,82.02402002597,3.1131938932190084,137.10880298271914,5047.478160603498,4,82.46860044303375
M3788,45.944464228419704,2.7455037011475802,99.47180977293077,2735.3649050808444,3,50.85891488161165
L4337,35.89317156593198,0.6544640588595417,102.32772604655439,1952.6428364130666,0,30.19998626500119
M3505,51.280798248783555,1.9773507021268335,105.14822190755243,3870.4788333663314,2,63.465602266741286
L4823,36.045853668605346,0.9510670389206949,99.67825119160719,2392.9154158013043,0,20.0038377145256
H1292,73.7579060350933,3.2677973235363362,140.62160339129653,5579.34269127496,4,99.63736585292675
M1510,69.35328048138678,1.789822483282285,125.45138370866712,2110.459744391791,2,52.063773020768046
L1938,25.42389071313188,1.4769326707893164,111.37418881342118,2744.866698541795,0,34.324298788991726
H5237,98.35799414497652,3.1428482526630286,77.55470477321902,3662.6412451066926,4,78.74487619288854
M8361,69.62911621571362,2.5816012394145122,74.80631592619474,2394.8727438685128,3,41.06599036943573
H2242,76.95999497633531,4.50870044442144,157.63197806514373,3684.5334594675196,5,79.58981921953387
M3762,62.631785501533145,2.424109763946951,78.02553870020853,3784.8871565589343,1,65.4723925029321
M9932,55.70735311857742,2.724937587966072,126.91834035358596,2094.2105180716917,1,62.747984765309596
M8287,46.37591865617412,2.682215115707594,124.37387593068892,3299.405755987885,2,54.66165997230378
M7569,58.26972153558785,2.3972442704572643,76.25252593256246,2289.5537832871782,2,50.142179347314446
H3692,76.95257064762495,4.078717414555808,102.53047663281163,5920.510473134483,3,98.53583564544365
M4202,63.62122636398813,2.9104741435977513,111.50940382251663,2828.7952456622693,1,57.91507032754744
M7823,48.595233403148534,2.8443196295766575,127.14955943689056,3372.456372571308,2,53.036543882587935
H6778,82.903620852037,3.747203918345753,110.88166794659526,4126.349197951672,4,87.71491296738297
H5488,98.06979025736251,3.947629080921011,74.52980946509422,4280.8842131683605,3,99.06356611912895
L4581,30.731927110518715,0.5588694685207986,97.21570771103018,1612.7329712938606,1,10.11325031351469
L4401,31.786990736502027,1.1486054173351528,96.15046707446413,1365.0880270083603,0,34.57996182227455
M9666,43.13621779710216,2.607350290818414,88.90583508044709,2245.6408713020774,2,40.73724973339786
H3808,92.22427401437847,4.108050101335487,77.15899269480856,4869.268493358458,4,92.66391316683007
H1761,90.36190855943573,4.469066918335167,113.18270212069186,5115.093444138818,3,75.48660437151514
M4908,60.85734423718875,2.818477667853,103.69612508509606,3655.72132453088,1,44.607596412555914
L9929,26.845174524765604,0.9305527749098531,112.9056482856969,1398.9793134167562,1,14.862851985989938
M4643,63.013224221044254,1.9495610236272758,99.70790426919507,3430.7140366302096,1,61.39043465579753
H8743,72.03970532777493,4.612266162452318,69.72391310427676,4241.537692864,4,88.42190013317483
L4396,20.25058228224378,0.40854784527652127,100.90084591299257,1731.2307245814895,0,26.14729592786264
H8535,71.76022443594118,3.124148923841712,90.59760402583433,5888.987599577804,4,92.43538263074646
L3858,30.10350210629691,0.8429430816073196,100.96525201800846,2278.38625314683,1,23.3662996276874
M8231,60.980357422279724,2.904257327214589,86.24841290760824,3530.9160872818375,3,40.26685907046571
M4124,46.192153523753575,2.23007071040363,129.2185908157734,3533.2777854451447,3,53.441148578133195
M1242,51.14508406981814,2.65551454003222,116.40675672043567,3827.3918892995043,2,54.278395882397085
M1820,57.06061278233558,2.174207226716695,114.7957248130157,2404.8262663502724,1,64.76212699708155
L3501,39.474171446359065,0.1981825429292589,96.3411312903928,1816.7331156403857,1,34.71195788782692
L3733,27.440816703388982,0.5641028382157159,119.05456381886805,2218.78055968907,1,10.255520713295734
H2569,93.23894966247212,4.826167812942925,147.7770858223731,4991.233531550168,4,94.56262319066549
H9033,88.76036473200978,3.883904507415793,128.11456350615643,4183.899016944234,6,83.83272985473039
M3460,45.60246083771556,2.705983411355577,74.94577424588871,2801.033033464979,2,59.923721148334906
L1232,25.17746864427004,0.6024763439746634,94.15485784744551,1898.396138833138,1,29.190532209394988
L5167,38.63855368811282,0.5518847681195319,98.81334110291088,1341.4733770024732,0,22.784006006853925
L2201,32.73883751863026,0.8208726943756617,111.71671652530198,2633.705778483563,1,31.40768876849934
M3241,48.74992284530388,2.3335121699121086,122.13886857582527,3720.756682948954,3,57.66107565777251
M6491,50.19632909049861,1.6350615722335604,84.67807812331979,2254.6009028401004,2,43.443221045311645
M8241,69.44746497767387,1.8464741538339935,123.06669255505098,2058.8416211020008,2,63.155916843450775
L1578,35.27725148033653,0.8827854815280046,112.86745831081312,2005.386166729124,1,31.16598568991693
H1665,99.50613537167742,3.89262937809808,67.83608025395287,4434.3278365787455,5,95.7298221006118
L7770,37.85098994773749,1.3424271856271062,116.05737539777748,1565.007984658509,1,21.670574157203458
M6973,68.75550568904474,1.8938026954046692,77.25505860628991,3717.3026975291837,3,51.76737306262749
L5939,29.833209909587083,0.920407781645831,98.2645965937846,1024.5777488166548,0,29.93304747774686
M4496,63.9095603054669,2.0305768403345916,123.24036235857058,2674.283414308295,2,46.819088511575295
M6553,48.089222681742335,2.0824521809937604,78.92292093807721,3378.2270419253614,2,49.18359188415412
L8584,35.89542325937185,0.8030503050874676,117.61105994730201,1209.3307063686577,0,12.156907327148295
L3172,26.263204986866864,1.4081078339372846,101.44774126384081,1042.8627724673483,0,24.237158214934485
H8546,77.52094549378168,4.543850992518915,72.92122607547137,4219.615401274336,5,78.97814497574161
L5223,35.19102161476589,1.3423825838245678,98.9103620084807,2138.5192347104557,0,21.80086695791924
L2994,33.01113899550127,1.0350054840966367,92.19346783593751,1980.582479443374,0,27.595152800544263
L5810,28.02431183676073,0.22251209119626908,117.03103819961267,1641.3074304630225,1,30.41603368290377
L3386,34.89918383367699,1.3006025246120954,91.54052847346739,1152.334537138026,1,24.64213881854507
H9268,74.51887415023425,4.002918080040474,155.55859549665396,5629.2493453987,3,96.04738876114176
L4893,32.22487827952866,1.1473896637661942,110.38446052450826,2526.2611653831445,1,12.312366034741311
L7709,31.106940437319707,0.29802866884743684,99.54681076375489,2078.012597773113,1,17.158918352274803
H9541,91.32083390951932,4.494620419750206,155.94993278132083,5329.544447167908,5,92.74232450966997
H3656,91.13289900988694,3.367371412399,77.70325342179783,4702.597724157896,3,80.55484119419042
L9142,29.840485446051325,0.8739402781765025,95.94977686053734,1896.4535750093492,1,12.237967216657152
L8605,30.810707301256123,1.0051549155184063,116.75325812996783,1809.4752322657966,0,13.400700367844347
H5768,86.04295764738943,3.399788404821895,98.33221075473745,3982.578960622577,3,97.68631727531515
L1657,26.533378149105605,0.42482228123754906,90.53095445009771,1790.7690543447643,0,18.314467906536674
H8050,83.64816250029787,3.8561262567461876,88.16685362528888,4009.7678864620734,4,81.89275644574768
M4197,52.506764262811885,2.0213785381521516,104.87816288813416,2207.828314797252,3,61.97011110401496
L2377,28.617498560562524,1.4166238741605373,94.12338518917196,1995.429222740048,1,31.862306271939534
L1978,28.181620548079827,0.1355972703052015,94.42570621376785,1882.150768385946,0,21.44325714771752
H3984,75.40377733407078,4.042471908494824,133.65758588727235,5040.543656736986,4,87.32233700818001
L2719,29.634164793399464,1.2358052947639693,116.8543174261324,2041.8303387470407,1,11.310573889237693
L5768,31.54077133024427,0.12561167112443494,93.43859599474736,1399.177928353313,1,19.528870808402147
H4988,77.99717695286132,3.9606157890753475,65.40533329456699,4305.763813278072,4,88.3234545385268
L7473,20.81573843744009,1.2214145847840394,109.72264686366844,2612.3013767264188,1,33.71205978571281
L6039,23.298828297982187,1.1594544684508978,91.87850747049613,1871.283841583499,0,26.859148381900713
M4070,67.88040571399847,1.8554643913379087,106.24229263361143,3154.6756122611887,2,66.10082461685012
L7596,39.13270213231982,0.9685308218952335,101.65113733714944,2667.4177037549443,0,26.463305249061683
L4179,21.491061868305657,0.21995227762504727,107.04103670570883,2972.5182242053643,1,26.806123650084086
L6295,32.64613548372301,0.40342021304631775,96.9832550305802,2497.4173457570473,0,17.404628281664532
M7709,46.451030614821164,2.239797528816706,82.94243531850827,2454.44588122601,3,43.943310694906614
H4877,84.35454272698806,4.898790210702588,137.61385815490317,4738.47245671899,4,91.10602177751198
H7404,91.67408502010144,3.450940341502835,102.30683711164872,5308.030346842544,6,97.4761273505326
L2274,36.85024445418819,0.14426490502147757,116.17085696425102,2546.1593672606205,1,22.253160174720172
M7546,47.33379564145078,2.9979833154533426,110.74899681932501,2901.054662953981,1,60.20499768838688
L6191,36.16714143370292,0.5763362833600528,115.72438504207732,2333.6696506281696,1,24.445001422197638
M6282,43.9085385106698,1.8420223072943265,115.57161482846018,2249.6714881709845,1,43.593783137854444
L3930,39.14895964570562,0.2775515773309806,106.17691642038064,1111.5529488745528,1,11.459088364260694
L5553,32.383405105962225,0.817287099925374,115.41498561151849,1652.1122606026117,1,13.218641240512818
M3557,66.3579925544935,1.6305500896867435,78.67117363457459,3278.631619675345,2,47.75569171684886
H7679,83.79231361604167,4.455152313891406,138.40946264525581,4502.270740652316,5,83.70707369814204
H6191,76.88966868413317,3.6277271322787246,124.35270758459234,5661.873800966267,3,78.07592357803568
M9920,48.78689194061861,2.903238640226712,123.78162711935555,2133.667240308549,1,63.38920431623945
M3378,54.11307701863225,2.9067541931829592,108.97159737878528,2102.000647003655,3,63.41956847345392
L8915,39.373976723065695,1.281521448996148,106.15047638568444,2800.86966396271,1,31.36609107459442
M5117,60.090224444300326,1.9156040123726001,107.9847768186727,3542.3476243547775,2,51.18555452713328
H8349,72.78489623989907,4.29496570176674,159.06407003721174,5329.882500364719,6,91.29223115939594
H5657,78.654864826032,3.578251515599186,51.08673250088153,4689.25997050515,4,87.91636126133137
L9582,33.468131853542246,0.23958171772205847,97.73948989056916,2373.6691740567526,1,27.125205122458812
L8539,33.66506469370029,1.4870035168587554,105.13939553079382,2388.392104188559,1,17.312918665896778
H5153,75.66085435299357,4.4850074782247376,52.29316120409081,4532.00610591711,3,87.42317142064275
H2523,83.11435719208701,3.816003993430201,156.84424538120808,5159.24348227756,4,77.3884088604951
M6723,47.74267646633259,2.482384141380083,126.38621727692217,2677.3253239538503,2,55.543866905644954
H7442,99.65389495978829,4.276258800659418,135.3286944114448,3834.3470422025766,3,77.502197294779
M3487,56.66414447025479,2.52243295366274,79.80742006429264,3034.7635307215337,2,62.33550134497159
L4141,23.35854587350737,0.18462112597124206,91.63985426626314,1954.1198625662669,0,29.696463548209138
M3360,66.95415945856017,1.6977111004219307,96.37702515330942,3686.036091406254,3,67.96788420627456
H4986,89.68978476569202,3.2796783797525206,148.21107764907475,5008.83715435767,4,91.45506935793112
H1220,83.65526174064985,3.5745518661558604,130.3154486951952,5777.599805160411,3,81.23378002223302
